date,tmin,tmax,prcp,snow,snwd,awnd
01/01/2017,41,50,0.54,0,0,6.49
08/01/2017,15,27,0,0,1.2,4.92
16/01/2017,44,51,0,0,0,4.47
23/01/2017,43,60,0.28,0,0,9.84
07/02/2017,49,76,0,0,0,12.53
08/02/2017,54,74,0.09,0,0,5.82
21/02/2017,44,66,0,0,0,5.82
24/02/2017,47,80,0,0,0,3.58
25/02/2017,52,81,0,0,0,13.2
26/02/2017,37,56,0,0,0,4.47
02/03/2017,39,62,0,0,0,8.05
03/03/2017,31,54,0,0,0,6.71
08/03/2017,46,69,0.05,0,0,8.5
20/03/2017,30,66,0,0,0,3.58
03/04/2017,50,76,0.4,0,0,9.17
05/04/2017,53,78,0.32,0,0,6.71
06/04/2017,50,70,0.09,0,0,15.21
07/04/2017,43,59,0,0,0,11.86
09/04/2017,38,77,0,0,0,4.47
11/04/2017,55,82,0,0,0,10.51
18/04/2017,61,74,0.03,0,0,9.62
25/04/2017,58,70,2.17,0,0,6.93
13/05/2017,52,66,0.23,0,0,4.47
19/05/2017,68,89,0,0,0,8.05
20/05/2017,67,90,0,0,0,7.38
22/05/2017,68,80,0.3,0,0,8.05
23/05/2017,67,71,0.69,0,0,4.47
29/05/2017,64,87,0.08,0,0,3.13
01/06/2017,62,85,0,0,0,1.57
02/06/2017,61,85,0,0,0,3.8
04/06/2017,61,90,0.38,0,0,5.82
12/06/2017,67,89,0,0,0,6.49
14/06/2017,66,93,0,0,0,5.82
15/06/2017,70,91,0,0,0,3.36
02/07/2017,71,92,0,0,0,4.47
05/07/2017,70,89,0.47,0,0,2.46
11/07/2017,71,95,0,0,0,6.93
16/07/2017,73,91,0.05,0,0,5.14
19/07/2017,67,94,0,0,0,2.68
20/07/2017,71,99,0,0,0,3.8
22/07/2017,76,101,0,0,0,10.74
03/08/2017,68,94,0,0,0,3.8
04/08/2017,68,92,0,0,0,7.16
07/08/2017,74,92,0.04,0,0,10.96
13/08/2017,73,81,0.73,0,0,6.26
21/08/2017,71,93,0,0,0,3.13
27/08/2017,63,81,0,0,0,9.17
31/08/2017,69,87,0.01,0,0,7.16
04/09/2017,59,87,0,0,0,3.58
13/09/2017,61,84,0,0,0,6.71
22/09/2017,61,89,0,0,0,2.24
25/09/2017,63,83,0,0,0,6.71
20/10/2017,43,77,0,0,0,2.01
21/10/2017,48,79,0,0,0,2.01
23/10/2017,61,76,1.12,0,0,10.74
30/10/2017,36,59,0,0,0,6.93
31/10/2017,39,69,0,0,0,1.79
08/11/2017,43,45,0.13,0,0,8.28
09/11/2017,45,50,0.27,0,0,4.03
23/11/2017,29,50,0,0,0,2.68
24/11/2017,26,57,0,0,0,1.57
26/11/2017,33,62,0,0,0,2.91
01/12/2017,41,63,0,0,0,5.14
03/12/2017,42,64,0,0,0,2.46
12/12/2017,30,53,0,0,0,9.62
18/12/2017,35,61,0,0,0,2.01
20/12/2017,48,56,0.42,0,0,2.46
25/12/2017,30,47,0,0,0,7.61
26/12/2017,27,43,0,0,0,2.24
28/12/2017,18,30,0,0,0,7.83
29/12/2017,15,42,0,0,0,2.01
30/12/2017,27,52,0,0,0,4.92
17/01/2018,23,38,0.49,5.9,0,5.82
29/01/2018,33,52,0.59,0,0,8.05
01/02/2018,31,62,0,0,0,13.2
06/02/2018,29,59,0,0,0,5.37
13/02/2018,37,44,0,0,0,8.72
15/02/2018,54,75,0,0,0,14.32
16/02/2018,56,81,0.02,0,0,13.42
19/02/2018,40,50,0.3,0,0,2.46
20/02/2018,50,72,0,0,0,3.36
21/02/2018,63,77,0,0,0,8.95
13/03/2018,29,48,0,0,1.2,6.71
17/03/2018,34,71,0.27,0,0,6.26
22/03/2018,32,53,0,0,0,6.04
08/04/2018,32,52,0,0,0,4.92
09/04/2018,40,57,0,0,0,5.14
19/04/2018,45,76,0,0,0,10.96
20/04/2018,34,65,0,0,0,2.91
22/04/2018,42,70,0,0,0,5.59
03/05/2018,57,85,0,0,0,11.86
09/05/2018,50,79,0,0,0,4.7
12/05/2018,67,92,0,0,0,6.26
22/05/2018,67,85,0.05,0,0,5.82
24/05/2018,68,84,0,0,0,6.93
10/06/2018,67,91,0.2,0,0,4.47
14/06/2018,70,91,0,0,0,4.47
15/06/2018,69,86,0,0,0,5.82
17/06/2018,70,93,0,0,0,5.37
01/07/2018,73,95,0.48,0,0,5.82
07/07/2018,67,79,0.65,0,0,9.4
09/07/2018,57,87,0,0,0,3.58
15/07/2018,68,95,0,0,0,6.04
28/07/2018,71,91,0.84,0,0,4.25
29/07/2018,70,88,0.07,0,0,4.25
30/07/2018,72,86,0.72,0,0,4.47
31/07/2018,73,87,0.22,0,0,5.37
02/08/2018,71,89,0.26,0,0,7.83
06/08/2018,72,92,0.05,0,0,2.91
12/08/2018,70,89,0.8,0,0,2.91
21/08/2018,71,87,0.01,0,0,9.4
25/08/2018,59,83,0,0,0,2.68
26/08/2018,60,88,0,0,0,2.68
29/08/2018,72,94,0,0,0,7.38
13/09/2018,74,81,0.28,0,0,11.18
14/09/2018,73,79,2.5,0,0,20.36
20/09/2018,67,87,0,0,0,4.25
26/09/2018,66,87,0.12,0,0,5.37
27/09/2018,70,79,0.21,0,0,4.25
10/10/2018,69,81,0.1,0,0,7.61
12/10/2018,51,71,0,0,0,2.91
24/10/2018,38,61,0,0,0,3.58
27/10/2018,47,55,0.01,0,0,8.5
01/11/2018,55,75,0.11,0,0,10.29
02/11/2018,60,70,0,0,0,11.86
04/11/2018,37,65,0.04,0,0,7.38
14/11/2018,39,48,0.04,0,0,8.05
21/11/2018,30,57,0,0,0,2.24
25/11/2018,42,59,0,0,0,3.8
27/11/2018,31,48,0,0,0,6.71
01/12/2018,52,62,0.32,0,0,5.14
05/12/2018,30,48,0,0,0,4.03
07/12/2018,29,50,0,0,0,1.79
09/12/2018,30,38,1.75,7,3.1,15.21
14/12/2018,36,57,0.7,0,0,5.14
15/12/2018,42,49,0.23,0,0,3.58
16/12/2018,42,60,0,0,0,7.61
19/12/2018,27,53,0,0,0,1.12
25/12/2018,26,50,0,0,0,1.57
26/12/2018,26,51,0,0,0,2.46
06/01/2019,39,65,0,0,0,2.68
10/01/2019,27,39,0,0,0,6.93
11/01/2019,21,43,0,0,0,2.01
16/01/2019,26,54,0,0,0,3.13
17/01/2019,28,49,0.01,0,0,4.7
18/01/2019,39,59,0,0,0,4.92
24/01/2019,35,65,0.73,0,0,11.41
28/01/2019,37,50,0,0,0,5.82
29/01/2019,31,54,0.16,0,0,8.95
31/01/2019,18,39,0,0,0,4.92
03/02/2019,33,61,0,0,0,0
11/02/2019,36,46,0.15,0,0,3.58
22/02/2019,40,53,0.69,0,0,7.38
23/02/2019,39,42,1.02,0,0,5.14
04/03/2019,34,50,0.01,0,0,4.92
05/03/2019,32,44,0,0,0,5.14
10/03/2019,47,68,0.04,0,0,9.4
12/03/2019,35,60,0,0,0,2.68
13/03/2019,32,64,0,0,0,4.7
14/03/2019,50,75,0,0,0,10.29
17/03/2019,35,57,0,0,0,3.8
20/03/2019,32,53,0.05,0,0,6.71
25/03/2019,51,71,0.54,0,0,7.38
30/03/2019,53,76,0,0,0,10.74
31/03/2019,44,65,0.01,0,0,9.17
10/04/2019,54,74,0,0,0,4.25
15/04/2019,47,71,0.05,0,0,10.51
27/04/2019,45,74,0,0,0,8.05
29/04/2019,54,69,0,0,0,7.61
04/05/2019,65,86,0.63,0,0,7.38
17/05/2019,58,85,0,0,0,6.26
18/05/2019,62,91,0,0,0,2.01
19/05/2019,69,89,0,0,0,10.74
20/05/2019,69,88,0,0,0,10.96
22/05/2019,62,80,0,0,0,6.04
28/05/2019,67,96,0,0,0,6.04
29/05/2019,68,95,0,0,0,5.37
03/06/2019,60,82,0,0,0,4.7
06/06/2019,69,90,0,0,0,7.61
11/06/2019,61,81,0.02,0,0,6.26
13/06/2019,61,79,0.35,0,0,7.61
15/06/2019,51,83,0,0,0,6.93
18/06/2019,71,91,0.06,0,0,9.4
26/06/2019,68,89,0,0,0,2.46
27/06/2019,67,93,0,0,0,3.36
29/06/2019,68,92,0.03,0,0,4.03
06/07/2019,74,93,0,0,0,8.95
20/07/2019,73,95,0,0,0,5.37
31/07/2019,69,95,0.24,0,0,3.36
13/08/2019,73,96,0.56,0,0,7.61
18/08/2019,70,92,0,0,0,2.91
22/08/2019,71,95,0.34,0,0,6.71
26/08/2019,61,79,0,0,0,6.49
07/09/2019,63,90,0,0,0,3.58
11/09/2019,68,92,0,0,0,3.8
15/09/2019,67,86,0,0,0,3.36
22/09/2019,63,90,0,0,0,7.61
27/09/2019,68,88,0,0,0,8.05
03/10/2019,70,100,0,0,0,3.58
07/10/2019,58,85,0,0,0,3.58
10/10/2019,53,75,0,0,0,4.7
17/10/2019,45,66,0,0,0,8.28
18/10/2019,40,68,0,0,0,2.46
24/10/2019,40,73,0,0,0,1.57
27/10/2019,61,85,0.13,0,0,8.28
30/10/2019,62,70,0.35,0,0,5.82
05/11/2019,45,73,0,0,0,1.12
13/11/2019,25,40,0,0,0,5.59
16/11/2019,42,50,0,0,0,15.66
23/11/2019,47,60,0.76,0,0,7.61
05/12/2019,30,58,0,0,0,3.13
06/12/2019,31,56,0,0,0,4.47
09/12/2019,43,61,0,0,0,7.16
10/12/2019,48,76,0.15,0,0,9.84
12/12/2019,28,45,0,0,0,6.93
13/12/2019,36,49,1.4,0,0,4.25
17/12/2019,45,64,0.41,0,0,10.96
22/12/2019,26,48,0.04,0,0,0.45
26/12/2019,34,66,0,0,0,1.12
28/12/2019,48,71,0,0,0,1.79
04/01/2020,43,65,0.45,0,0,9.17
09/01/2020,30,51,0,0,0,6.04
13/01/2020,63,67,0.46,0,0,5.37
20/01/2020,26,39,0,0,0,5.82
24/01/2020,39,65,0.21,0,0,9.84
25/01/2020,39,59,0.55,0,0,5.14
03/02/2020,42,74,0,0,0,7.38
11/02/2020,61,71,0.42,0,0,12.3
17/02/2020,37,59,0,0,0,5.14
20/02/2020,33,43,0.47,2.5,0,6.49
28/02/2020,27,53,0.01,0,0,7.61
29/02/2020,29,47,0,0,0,6.71
08/03/2020,28,63,0,0,0,4.47
09/03/2020,37,69,0,0,0,11.41
25/03/2020,45,57,0.86,0,0,7.16
26/03/2020,47,61,0,0,0,5.14
27/03/2020,52,81,0,0,0,8.5
30/03/2020,62,77,0,0,0,7.16
09/04/2020,57,80,0.09,0,0,10.07
14/04/2020,52,74,0,0,0,6.71
19/04/2020,39,70,0,0,0,4.03
20/04/2020,51,62,0.68,0,0,4.92
23/04/2020,55,66,0.1,0,0,7.83
24/04/2020,61,80,0.01,0,0,10.51
17/05/2020,60,86,0,0,0,7.16
20/05/2020,53,59,1.59,0,0,13.65
21/05/2020,59,70,0.67,0,0,12.08
24/05/2020,62,87,0.12,0,0,4.7
27/05/2020,67,78,0.37,0,0,8.28
03/06/2020,67,91,0,0,0,11.41
06/06/2020,72,90,0,0,0,6.04
12/06/2020,68,85,0,0,0,6.04
14/06/2020,59,81,0,0,0,8.28
24/06/2020,70,88,0,0,0,4.92
12/07/2020,67,93,0,0,0,3.36
15/07/2020,71,94,0,0,0,4.7
23/07/2020,73,95,0.36,0,0,6.26
24/07/2020,72,90,0.01,0,0,6.49
25/07/2020,71,94,0.38,0,0,4.25
27/07/2020,74,96,0,0,0,7.16
29/07/2020,72,92,0.59,0,0,5.14
01/08/2020,75,94,0,0,0,6.26
05/08/2020,71,89,0,0,0,5.37
22/08/2020,73,86,0.01,0,0,5.14
23/08/2020,72,89,0,0,0,8.5
29/08/2020,77,87,0.03,0,0,11.86
06/09/2020,57,82,0,0,0,3.58
09/09/2020,72,82,0.03,0,0,7.38
11/09/2020,73,88,0.05,0,0,4.92
13/09/2020,64,85,0,0,0,3.8
14/09/2020,66,85,0,0,0,6.71
19/09/2020,51,66,0,0,0,9.62
20/09/2020,51,70,0,0,0,9.62
22/09/2020,44,72,0,0,0,2.46
23/09/2020,50,73,0,0,0,1.34
24/09/2020,58,72,0.11,0,0,2.24
25/09/2020,61,69,1.9,0,0,5.82
28/09/2020,63,83,0.01,0,0,6.93
30/09/2020,53,72,0,0,0,5.59
07/10/2020,57,83,0,0,0,5.82
13/10/2020,54,82,0,0,0,3.58
19/10/2020,51,75,0,0,0,0.67
20/10/2020,53,80,0,0,0,1.12
30/10/2020,48,74,0.28,0,0,6.49
03/11/2020,33,66,0,0,0,3.13
08/11/2020,52,79,0,0,0,4.47
10/11/2020,54,79,0,0,0,4.03
12/11/2020,59,71,2.94,0,0,6.04
15/11/2020,51,76,0,0,0,10.51
18/11/2020,31,52,0,0,0,2.91
22/11/2020,41,70,0,0,0,2.01
25/11/2020,37,67,0,0,0,6.93
28/11/2020,41,67,0,0,0,1.34
02/12/2020,29,53,0,0,0,4.47
09/12/2020,26,53,0,0,0,6.04
11/12/2020,35,68,0,0,0,1.34
12/12/2020,44,65,0,0,0,6.71
22/12/2020,32,56,0,0,0,6.26
28/12/2020,31,61,0,0,0,5.37
04/01/2021,34,49,0,0,0,1.12
13/01/2021,26,57,0,0,0,2.91
15/01/2021,33,57,0.24,0,0,6.04
20/01/2021,31,54,0,0,0,6.04
05/02/2021,39,49,0.16,0,0,8.28
12/02/2021,32,37,0.05,0,0,9.62
13/02/2021,32,35,0.77,0,0,7.61
21/02/2021,22,46,0,0,0,6.49
23/02/2021,31,65,0,0,0,6.93
02/03/2021,37,51,0,0,0,2.91
08/03/2021,26,61,0,0,0,1.12
17/03/2021,43,59,0,0,0,4.25
21/03/2021,41,67,0,0,0,11.86
29/03/2021,43,63,0,0,0,4.7
31/03/2021,60,74,0.4,0,0,7.83
03/04/2021,26,60,0,0,0,3.13
04/04/2021,36,74,0,0,0,5.37
10/04/2021,57,79,0.24,0,0,8.95
12/04/2021,49,79,0,0,0,4.25
16/04/2021,38,69,0,0,0,4.92
19/04/2021,47,66,0.01,0,0,4.7
21/04/2021,42,77,0,0,0,10.74
29/04/2021,67,86,0,0,0,16.11
01/05/2021,49,74,0,0,0,4.25
05/05/2021,63,85,0,0,0,10.07
16/05/2021,45,73,0.01,0,0,1.79
18/05/2021,57,76,0,0,0,3.58
27/05/2021,67,92,0,0,0,3.13
29/05/2021,54,85,0.06,0,0,9.17
15/06/2021,64,85,0,0,0,5.14
16/06/2021,59,83,0,0,0,3.36
28/06/2021,67,90,0,0,0,4.92
30/06/2021,73,92,0,0,0,8.72
03/07/2021,59,81,0,0,0,3.13
09/07/2021,70,91,0.52,0,0,6.26
12/07/2021,74,90,0,0,0,10.07
16/07/2021,73,93,0,0,0,6.71
27/07/2021,71,93,0,0,0,4.92
29/07/2021,68,94,0,0,0,8.28
30/07/2021,76,96,0,0,0,6.71
02/08/2021,69,85,0,0,0,7.16
04/08/2021,66,81,0.03,0,0,8.05
06/08/2021,61,87,0.39,0,0,2.91
10/08/2021,73,96,0,0,0,6.49
11/08/2021,74,97,0,0,0,7.61
12/08/2021,74,98,0,0,0,6.71
17/08/2021,73,86,0.08,0,0,6.04
18/08/2021,76,91,0.1,0,0,9.4
29/08/2021,71,95,0,0,0,2.46
01/09/2021,68,88,0.21,0,0,13.65
02/09/2021,58,81,0,0,0,6.71
04/09/2021,54,85,0,0,0,2.91
05/09/2021,64,89,0,0,0,8.5
07/09/2021,62,91,0,0,0,4.03
14/09/2021,67,91,0,0,0,6.04
18/09/2021,71,86,0,0,0,2.46
23/09/2021,54,78,0,0,0,3.58
26/09/2021,51,78,0,0,0,2.91
29/09/2021,60,84,0,0,0,4.25
17/10/2021,45,66,0,0,0,4.25
23/10/2021,50,73,0,0,0,2.24
24/10/2021,48,78,0,0,0,4.25
25/10/2021,61,79,1.04,0,0,5.14
27/10/2021,46,70,0,0,0,3.36
28/10/2021,47,72,0.28,0,0,6.93
02/11/2021,45,66,0,0,0,5.14
10/11/2021,43,79,0,0,0,1.34
11/11/2021,45,75,0.02,0,0,5.82
12/11/2021,46,71,0,0,0,5.14
17/11/2021,42,75,0,0,0,6.04
19/11/2021,33,59,0,0,0,5.59
22/11/2021,41,57,0.52,0,0,4.25
29/11/2021,27,49,0,0,0,4.03
01/12/2021,30,67,0,0,0,3.36
04/12/2021,44,73,0,0,0,3.58
06/12/2021,47,73,0,0,0,11.41
10/12/2021,37,59,0,0,0,2.46
11/12/2021,55,73,0.41,0,0,12.3
14/12/2021,28,61,0,0,0,3.58
15/12/2021,32,62,0,0,0,2.01
18/12/2021,59,71,0.02,0,0,9.4
28/12/2021,53,75,0,0,0,9.17
08/01/2022,21,42,0,0,0,3.8
17/01/2022,33,42,0,0,0,13
26/01/2022,28,42,0,0,0,8.5
05/02/2022,27,47,0,0,0,6.5
08/02/2022,33,50,0,0,0,2.9
15/02/2022,23,53,0,0,0,3.8
16/02/2022,33,67,0,0,0,8.3
20/02/2022,26,54,0,0,0,5.4
22/02/2022,59,73,0,0,0,11.4
23/02/2022,55,71,0.09,0,0,4.9
05/03/2022,45,70,0,0,0,6
09/03/2022,45,52,0.42,0,0,4.5
10/03/2022,43,49,0.05,0,0,7.2
13/03/2022,23,52,0,0,0,8.3
20/03/2022,46,67,0,0,0,7.6
22/03/2022,47,76,0,0,0,8.1
23/03/2022,59,74,0.13,0,0,9.8
01/04/2022,46,69,0,0,0,9.6
02/04/2022,35,66,0,0,0,3.8
06/04/2022,61,81,0,0,0,9.2
11/04/2022,43,82,0,0,0,7.4
14/04/2022,67,82,0,0,0,12.3
17/04/2022,56,75,0,0,0,
23/04/2022,59,83,0,0,0,6.5
28/04/2022,45,71,0,0,0,4.3
27/05/2022,68,81,1.12,0,0,10.7
04/01/2017,41,64,0,0,0,5.82
12/01/2017,54,73,0,0,0,12.53
17/01/2017,47,62,0.04,0,0,8.28
27/01/2017,30,51,0,0,0,6.49
29/01/2017,30,54,0.02,0,0,8.05
31/01/2017,31,68,0,0,0,12.75
01/02/2017,42,70,0,0,0,3.8
13/02/2017,37,64,0,0,0,7.16
15/02/2017,39,56,0.34,0,0,5.37
17/02/2017,34,66,0,0,0,6.71
14/03/2017,30,54,0.25,0,0,10.51
19/03/2017,36,57,0,0,0,7.16
21/03/2017,50,82,0.2,0,0,5.82
27/03/2017,59,79,0.06,0,0,9.17
30/03/2017,55,67,0,0,0,8.95
31/03/2017,58,79,0.42,0,0,10.74
12/04/2017,56,83,0,0,0,4.03
19/04/2017,55,69,0,0,0,3.58
26/04/2017,56,81,0,0,0,5.37
27/04/2017,62,82,0,0,0,10.51
29/04/2017,72,89,0,0,0,10.07
30/04/2017,70,86,0.02,0,0,10.51
05/05/2017,56,78,1.48,0,0,15.88
14/05/2017,49,81,0,0,0,7.16
16/05/2017,57,87,0,0,0,3.58
27/05/2017,61,88,0,0,0,6.04
31/05/2017,68,86,0,0,0,4.7
07/06/2017,59,77,0,0,0,10.29
19/06/2017,70,92,0.09,0,0,11.86
24/06/2017,71,91,0.46,0,0,7.83
26/06/2017,60,85,0,0,0,3.36
29/06/2017,60,87,0,0,0,6.71
01/07/2017,73,90,0,0,0,9.17
03/07/2017,70,93,0.15,0,0,2.91
07/07/2017,73,91,0,0,0,8.95
09/07/2017,69,88,0,0,0,3.36
21/07/2017,74,98,0,0,0,5.59
24/07/2017,71,93,0,0,0,7.16
31/07/2017,58,87,0,0,0,4.47
02/08/2017,66,91,0,0,0,3.36
05/08/2017,68,92,0,0,0,6.49
12/08/2017,73,92,0.48,0,0,5.37
29/08/2017,64,71,0.22,0,0,8.5
07/09/2017,53,76,0,0,0,2.91
10/09/2017,51,71,0,0,0,8.95
12/09/2017,63,79,0.63,0,0,10.74
19/09/2017,64,85,0,0,0,4.25
26/09/2017,69,85,0,0,0,7.61
27/09/2017,68,91,0,0,0,5.59
01/10/2017,48,71,0,0,0,7.16
07/10/2017,59,86,0.15,0,0,6.26
16/10/2017,51,69,0.25,0,0,5.82
22/10/2017,51,79,0,0,0,3.13
27/10/2017,38,73,0,0,0,5.82
01/11/2017,46,73,0,0,0,4.25
07/11/2017,44,63,0.1,0,0,6.49
12/11/2017,28,49,0.03,0,0,1.57
15/11/2017,33,54,0,0,0,3.58
17/11/2017,34,57,0,0,0,2.91
21/11/2017,30,64,0,0,0,2.91
27/11/2017,26,61,0,0,0,1.34
09/12/2017,32,34,0.3,0,0,5.82
11/12/2017,26,55,0,0,0,4.92
13/12/2017,21,43,0,0,0,8.72
16/12/2017,24,50,0,0,0,3.58
19/12/2017,36,70,0,0,0,4.47
21/12/2017,36,53,0,0,0,4.47
24/12/2017,43,61,0,0,0,7.38
27/12/2017,27,45,0,0,0,4.7
31/12/2017,23,35,0,0,0,10.07
05/01/2018,12,31,0,0,0,5.59
13/01/2018,29,56,0,0,0,9.62
15/01/2018,17,39,0,0,0,3.8
16/01/2018,20,47,0,0,0,1.79
18/01/2018,10,34,0,0.2,5.9,5.59
22/01/2018,38,62,0,0,0,4.7
04/02/2018,33,56,0.61,0,0,6.49
01/03/2018,50,57,0.59,0,0,4.47
06/03/2018,32,42,0.45,0,0,4.47
15/03/2018,24,65,0,0,0,11.63
16/03/2018,39,68,0,0,0,5.82
18/03/2018,40,60,0.01,0,0,6.04
19/03/2018,44,65,0,0,0,5.59
21/03/2018,32,42,0.05,0,0,6.93
26/03/2018,32,53,0,0,0,10.29
28/03/2018,43,76,0,0,0,10.74
02/04/2018,51,81,0,0,0,9.84
05/04/2018,34,61,0,0,0,3.58
07/04/2018,33,62,0.99,0,0,8.05
17/04/2018,33,62,0,0,0,9.4
29/04/2018,44,66,0,0,0,5.82
30/04/2018,36,72,0,0,0,4.03
10/05/2018,59,87,0.18,0,0,9.17
15/05/2018,69,88,0.02,0,0,8.72
16/05/2018,68,85,0.76,0,0,6.71
19/05/2018,69,75,0.59,0,0,8.5
31/05/2018,71,88,0,0,0,7.16
04/06/2018,64,85,0,0,0,5.59
09/06/2018,68,89,0,0,0,2.68
19/06/2018,73,96,0,0,0,5.59
22/06/2018,71,95,0,0,0,6.04
23/06/2018,74,92,0.18,0,0,8.72
27/06/2018,65,86,0,0,0,3.58
29/06/2018,70,92,0,0,0,4.25
03/07/2018,75,95,0,0,0,6.49
11/07/2018,67,96,0.05,0,0,3.8
12/07/2018,72,87,0.01,0,0,7.61
05/08/2018,72,93,0,0,0,3.36
11/08/2018,72,91,0.04,0,0,4.47
17/08/2018,73,91,0,0,0,9.62
23/08/2018,60,80,0,0,0,5.14
28/08/2018,71,94,0,0,0,6.04
30/08/2018,73,95,0,0,0,6.49
01/09/2018,71,93,0.19,0,0,4.92
12/09/2018,72,88,0.13,0,0,5.14
17/09/2018,72,88,1.32,0,0,11.63
21/09/2018,70,83,0,0,0,4.92
23/09/2018,64,76,0,0,0,5.37
24/09/2018,64,74,0,0,0,5.82
29/09/2018,60,82,0,0,0,3.36
02/10/2018,61,83,0,0,0,3.8
05/10/2018,68,90,0,0,0,3.8
06/10/2018,68,82,0,0,0,3.58
19/10/2018,39,69,0,0,0,3.13
28/10/2018,42,64,0,0,0,8.5
31/10/2018,42,72,0,0,0,8.5
03/11/2018,39,61,0,0,0,5.82
07/11/2018,49,73,0,0,0,1.34
11/11/2018,28,51,0,0,0,4.03
17/11/2018,33,59,0,0,0,1.57
30/11/2018,42,68,0.02,0,0,8.72
21/12/2018,46,65,0.04,0,0,14.99
24/12/2018,29,51,0,0,0,4.03
27/12/2018,29,54,0.02,0,0,5.14
31/12/2018,47,67,0.13,0,0,8.05
01/01/2019,51,71,0,0,0,7.38
03/01/2019,47,55,0.21,0,0,2.68
08/01/2019,46,67,0,0,0,9.17
13/01/2019,32,37,1.04,0,0,7.38
15/01/2019,28,47,0,0,0,1.34
19/01/2019,37,59,0,0,0,8.05
23/01/2019,31,64,0.04,0,0,7.83
06/02/2019,47,77,0,0,0,7.16
08/02/2019,45,75,0,0,0,9.17
27/02/2019,40,50,0.29,0,0,3.13
28/02/2019,42,62,0,0,0,5.82
07/03/2019,23,50,0,0,0,2.46
08/03/2019,39,49,0.1,0,0,4.7
22/03/2019,42,63,0,0,0,9.4
27/03/2019,30,57,0,0,0,6.93
28/03/2019,32,66,0,0,0,3.58
03/04/2019,31,69,0,0,0,4.7
08/04/2019,57,81,1.98,0,0,8.5
09/04/2019,61,74,0.04,0,0,5.82
11/04/2019,47,79,0,0,0,6.49
12/04/2019,59,69,0.65,0,0,9.17
22/04/2019,43,73,0,0,0,1.79
23/04/2019,46,81,0,0,0,7.38
30/04/2019,60,86,0,0,0,8.5
03/05/2019,63,84,0,0,0,8.28
08/05/2019,62,83,0,0,0,7.38
10/05/2019,66,78,0,0,0,8.28
11/05/2019,64,81,0.18,0,0,5.37
14/05/2019,47,67,0,0,0,4.92
16/05/2019,51,79,0,0,0,4.03
21/05/2019,63,85,0,0,0,5.82
12/06/2019,59,74,0.35,0,0,6.71
14/06/2019,53,79,0,0,0,4.03
28/06/2019,70,97,1.09,0,0,3.8
30/06/2019,69,94,0,0,0,5.14
03/07/2019,70,97,0,0,0,4.03
07/07/2019,75,93,0.21,0,0,6.04
11/07/2019,75,93,0,0,0,9.17
14/07/2019,72,96,0,0,0,3.36
15/07/2019,70,95,0.35,0,0,4.25
17/07/2019,76,98,0.03,0,0,8.95
19/07/2019,74,98,0,0,0,6.93
21/07/2019,73,99,0,0,0,9.62
24/07/2019,62,84,0,0,0,4.7
25/07/2019,63,87,0,0,0,4.25
30/07/2019,68,94,0,0,0,6.26
02/08/2019,68,87,0.21,0,0,5.14
10/08/2019,71,91,0,0,0,3.58
16/08/2019,70,88,0.64,0,0,3.13
17/08/2019,72,91,0,0,0,4.47
19/08/2019,72,95,0,0,0,6.26
28/08/2019,69,88,0,0,0,2.91
01/09/2019,63,86,0,0,0,5.59
10/09/2019,70,89,0,0,0,3.8
12/09/2019,71,96,0,0,0,4.03
13/09/2019,71,82,0.01,0,0,8.95
17/09/2019,66,88,0.07,0,0,5.82
18/09/2019,60,79,0,0,0,7.61
30/09/2019,71,88,0,0,0,6.04
12/10/2019,52,86,0,0,0,4.03
22/10/2019,57,77,0.18,0,0,6.04
30/11/2019,46,50,0.25,0,0,4.03
11/12/2019,30,48,0.32,0,0,4.47
16/12/2019,40,70,0,0,0,7.61
18/12/2019,34,48,0,0,0,6.26
19/12/2019,27,44,0,0,0,1.79
23/12/2019,42,50,0.25,0,0,5.59
27/12/2019,44,67,0,0,0,2.01
31/12/2019,39,59,0,0,0,6.04
01/01/2020,35,55,0,0,0,4.47
11/01/2020,57,72,0.02,0,0,12.97
12/01/2020,63,70,0.31,0,0,9.17
26/01/2020,32,54,0,0,0,4.25
29/01/2020,28,50,0,0,0,2.68
30/01/2020,32,51,0,0,0,5.82
02/02/2020,33,63,0,0,0,10.96
04/02/2020,57,69,0,0,0,10.07
08/02/2020,27,43,0,0,0,5.37
21/02/2020,26,36,0,0,2,7.61
22/02/2020,22,54,0,0,0,2.68
26/02/2020,48,64,0,0,0,6.93
01/03/2020,24,59,0,0,0,5.37
06/03/2020,40,59,0,0,0,7.83
14/03/2020,51,69,0,0,0,5.37
17/03/2020,50,63,0,0,0,5.59
22/03/2020,46,58,0.03,0,0,10.96
06/04/2020,52,82,0.02,0,0,5.37
10/04/2020,42,60,0,0,0,8.28
18/04/2020,41,67,0.36,0,0,9.17
29/04/2020,59,81,0,0,0,15.21
03/05/2020,53,86,0,0,0,9.17
05/05/2020,53,73,0.02,0,0,8.28
23/05/2020,61,85,0,0,0,4.47
28/05/2020,70,85,0.73,0,0,6.49
30/05/2020,68,88,0,0,0,3.8
05/06/2020,71,88,0,0,0,8.28
10/06/2020,76,92,0.05,0,0,11.18
19/06/2020,66,86,0.8,0,0,5.59
21/06/2020,62,89,0,0,0,2.24
22/06/2020,70,91,0,0,0,7.83
27/06/2020,66,91,0,0,0,5.82
29/06/2020,72,91,0,0,0,4.03
02/07/2020,70,90,0,0,0,5.37
17/07/2020,73,95,0.96,0,0,6.26
19/07/2020,72,95,0,0,0,7.16
13/08/2020,73,90,0.06,0,0,3.8
27/08/2020,71,93,0,0,0,7.16
01/09/2020,73,82,0.01,0,0,2.01
12/09/2020,68,80,0.01,0,0,8.72
03/10/2020,46,72,0,0,0,5.82
10/10/2020,62,75,0.7,0,0,2.46
15/10/2020,53,80,0,0,0,5.82
21/10/2020,63,83,0,0,0,2.46
23/10/2020,57,80,0,0,0,1.12
24/10/2020,60,83,0,0,0,3.36
25/10/2020,51,68,0.1,0,0,8.05
09/11/2020,53,76,0,0,0,3.8
14/11/2020,43,66,0,0,0,3.13
16/11/2020,43,63,0,0,0,4.03
17/11/2020,35,62,0,0,0,5.82
19/11/2020,28,57,0,0,0,2.01
03/12/2020,26,58,0,0,0,3.58
08/12/2020,27,48,0,0,0,4.25
15/12/2020,29,45,0,0,0,6.49
20/12/2020,35,46,0.47,0,0,2.68
23/12/2020,27,57,0,0,0,3.58
31/12/2020,41,55,0.41,0,0,3.36
05/01/2021,29,48,0,0,0,1.34
06/01/2021,34,51,0,0,0,2.46
17/01/2021,27,50,0,0,0,6.93
24/01/2021,23,46,0,0,0,3.8
26/01/2021,41,48,0.37,0,0,4.47
30/01/2021,20,44,0,0,0,2.01
01/02/2021,33,43,0,0,0,5.82
03/02/2021,31,50,0,0,0,8.05
07/02/2021,29,49,0.66,0,0,4.25
08/02/2021,25,53,0,0,0,4.03
18/02/2021,32,40,0.78,0,0,9.17
20/02/2021,28,45,0,0,0,4.47
25/02/2021,41,67,0,0,0,6.04
26/02/2021,41,50,0.58,0,0,9.17
04/03/2021,34,67,0,0,0,4.7
10/03/2021,40,76,0,0,0,5.82
15/03/2021,45,56,0,0,0,7.61
22/03/2021,43,69,0,0,0,10.51
24/03/2021,55,68,0.07,0,0,4.7
26/03/2021,64,79,0.14,0,0,12.08
06/04/2021,49,83,0,0,0,3.36
07/04/2021,50,86,0,0,0,2.24
23/04/2021,31,67,0,0,0,3.8
25/04/2021,47,70,0.02,0,0,5.59
30/04/2021,63,79,0,0,0,10.51
02/05/2021,51,84,0,0,0,10.96
10/05/2021,60,81,0.37,0,0,10.07
11/05/2021,52,70,0,0,0,4.7
12/05/2021,41,57,0.09,0,0,6.04
13/05/2021,37,71,0,0,0,4.03
14/05/2021,41,73,0,0,0,3.13
15/05/2021,40,76,0,0,0,2.01
24/05/2021,64,93,0.31,0,0,3.8
30/05/2021,52,63,0.01,0,0,7.16
06/06/2021,68,90,0,0,0,6.71
08/06/2021,71,88,0,0,0,10.96
14/06/2021,67,90,0,0,0,5.37
25/06/2021,63,80,0.04,0,0,4.47
27/06/2021,70,89,0,0,0,4.92
06/07/2021,68,90,0,0,0,7.61
10/07/2021,70,92,0,0,0,2.91
14/07/2021,69,90,0.02,0,0,6.26
15/07/2021,71,91,0,0,0,6.93
18/07/2021,71,87,0.17,0,0,7.83
19/07/2021,67,76,0.52,0,0,3.8
25/07/2021,70,89,0,0,0,9.62
28/07/2021,71,95,0,0,0,4.7
09/08/2021,69,93,0,0,0,5.59
13/08/2021,76,100,0,0,0,8.72
14/08/2021,71,95,0.55,0,0,6.49
15/08/2021,70,88,0.15,0,0,1.79
26/08/2021,73,93,0,0,0,5.14
04/10/2021,65,88,0.47,0,0,6.26
07/10/2021,66,77,0,0,0,8.95
12/10/2021,59,71,0,0,0,2.68
13/10/2021,57,82,0,0,0,1.34
14/10/2021,60,84,0,0,0,2.01
16/10/2021,56,85,0.17,0,0,8.05
18/10/2021,42,71,0,0,0,3.58
22/10/2021,54,78,0.01,0,0,5.82
31/10/2021,49,72,0,0,0,6.04
04/11/2021,39,48,0.07,0,0,4.7
06/11/2021,38,54,0,0,0,12.08
13/11/2021,40,66,0,0,0,6.49
24/11/2021,24,53,0,0,0,1.57
26/11/2021,35,54,0.14,0,0,6.26
02/12/2021,45,71,0,0,0,8.28
12/12/2021,30,58,0,0,0,4.03
13/12/2021,27,60,0,0,0,2.01
22/12/2021,37,58,0,0,0,4.7
30/12/2021,64,67,0.1,0,0,6.26
31/12/2021,61,74,0,0,0,4.9
04/01/2022,26,44,0,0,0,3.4
10/01/2022,34,53,0,0,0,5.1
02/02/2022,25,60,0,0,0,3.1
03/02/2022,48,70,0.02,0,0,9.6
04/02/2022,47,67,0.3,0,0,15.2
07/02/2022,32,37,0.53,0,0,5.6
11/02/2022,36,70,0,0,0,8.3
12/02/2022,44,73,0,0,0,8.3
13/02/2022,32,54,0,0,0,6.7
17/02/2022,53,75,0,0,0,13.2
18/02/2022,38,71,0.16,0,0,11.2
02/03/2022,42,76,0,0,0,5.1
08/03/2022,49,63,0.39,0,0,5.8
12/03/2022,28,60,1.01,0,0,10.3
21/03/2022,34,71,0,0,0,4.3
25/03/2022,52,70,0,0,0,8.1
29/03/2022,30,55,0,0,0,3.8
31/03/2022,65,73,0.72,0,0,16.1
13/04/2022,63,84,0,0,0,12.3
16/04/2022,51,76,0,0,0,6.5
20/04/2022,34,66,0,0,0,2.9
24/04/2022,59,84,0,0,0,8.1
01/05/2022,50,83,0.82,0,0,6.3
02/05/2022,64,84,0,0,0,6.7
04/05/2022,67,88,0,0,0,8.7
05/05/2022,62,76,0,0,0,8.5
06/05/2022,62,85,0.97,0,0,7.8
09/05/2022,44,71,0,0,0,7.2
10/05/2022,48,75,0,0,0,9.4
13/05/2022,63,78,0,0,0,6.9
15/05/2022,61,86,0,0,0,5.4
17/05/2022,53,84,0,0,0,4.5
18/05/2022,55,87,0,0,0,6.3
20/05/2022,66,96,0,0,0,10.5
24/05/2022,61,80,0,0,0,8.3
02/01/2017,47,51,1.08,0,0,5.59
31/05/2022,68,92,0,0,0,4
05/01/2017,29,44,0,0,0,2.01
06/01/2017,32,43,0.25,0,0,6.04
14/01/2017,42,55,0,0,0,6.71
22/01/2017,53,56,0.09,0,0,5.82
02/02/2017,37,61,0,0,0,2.24
03/02/2017,34,49,0.06,0,0,4.7
04/02/2017,26,45,0,0,0,4.7
05/02/2017,27,60,0.01,0,0,4.92
11/02/2017,41,73,0,0,0,12.3
14/02/2017,30,64,0,0,0,4.7
22/02/2017,51,70,0,0,0,3.8
27/02/2017,35,66,0,0,0,5.37
01/03/2017,59,79,0.97,0,0,17.22
05/03/2017,30,53,0,0,0,6.26
12/03/2017,30,48,0.03,0.3,0,4.92
16/03/2017,24,50,0,0,0,6.04
18/03/2017,44,64,0.5,0,0,7.83
24/03/2017,37,71,0,0,0,9.62
25/03/2017,52,76,0,0,0,10.74
29/03/2017,55,73,0,0,0,4.92
04/04/2017,63,82,0,0,0,12.97
10/04/2017,49,78,0,0,0,9.62
13/04/2017,54,80,0,0,0,8.05
14/04/2017,53,81,0,0,0,4.47
24/04/2017,53,60,4.51,0,0,10.96
02/05/2017,60,77,0,0,0,11.41
07/05/2017,45,69,0,0,0,5.82
08/05/2017,43,71,0,0,0,4.7
10/05/2017,57,83,0.45,0,0,3.8
15/05/2017,60,85,0,0,0,4.7
24/05/2017,65,74,0.29,0,0,5.82
25/05/2017,60,76,0.82,0,0,11.41
28/05/2017,67,86,0.08,0,0,6.71
10/06/2017,61,89,0,0,0,6.04
20/06/2017,67,82,0.72,0,0,4.47
21/06/2017,66,85,0.2,0,0,6.71
30/06/2017,69,87,0.05,0,0,7.83
06/07/2017,68,93,0,0,0,5.82
08/07/2017,71,95,0.05,0,0,6.49
10/07/2017,70,90,0,0,0,4.47
12/07/2017,75,94,0,0,0,8.72
17/07/2017,71,90,0.02,0,0,4.47
25/07/2017,74,91,0,0,0,4.7
26/07/2017,72,90,0,0,0,5.82
29/07/2017,70,82,0.01,0,0,8.5
01/08/2017,60,88,0,0,0,2.91
06/08/2017,65,90,0,0,0,7.61
09/08/2017,67,84,0,0,0,6.71
11/08/2017,73,89,1.2,0,0,4.25
14/08/2017,73,88,0.21,0,0,3.8
15/08/2017,76,91,0.07,0,0,2.91
23/08/2017,74,95,0.21,0,0,5.82
24/08/2017,71,84,0,0,0,6.04
26/08/2017,68,83,0,0,0,8.05
28/08/2017,62,78,0.03,0,0,11.41
02/09/2017,61,83,0,0,0,6.26
08/09/2017,51,77,0,0,0,2.68
09/09/2017,53,76,0,0,0,7.38
18/09/2017,65,83,0,0,0,6.71
20/09/2017,62,91,0,0,0,3.58
03/10/2017,50,77,0,0,0,6.26
15/10/2017,62,83,0,0,0,9.84
24/10/2017,52,72,0,0,0,6.49
25/10/2017,42,66,0,0,0,3.8
28/10/2017,47,74,0.76,0,0,4.92
02/11/2017,55,78,0,0,0,2.01
04/11/2017,56,64,0,0,0,8.28
06/11/2017,53,76,0,0,0,4.7
10/11/2017,35,58,0,0,0,6.71
13/11/2017,42,60,0.64,0,0,4.25
14/11/2017,43,52,0,0,0,8.72
22/11/2017,42,62,0.03,0,0,4.7
29/11/2017,40,70,0,0,0,2.46
30/11/2017,35,69,0,0,0,1.12
07/12/2017,40,49,0,0,0,2.46
15/12/2017,31,43,0,0,0,5.14
22/12/2017,36,61,0,0,0,3.58
23/12/2017,48,71,0,0,0,12.08
02/01/2018,12,32,0,0,0,2.91
04/01/2018,18,30,0,0,1.2,9.62
06/01/2018,12,27,0,0,0,4.03
09/01/2018,29,63,0,0,0,2.68
10/01/2018,43,61,0,0,0,4.92
21/01/2018,31,68,0,0,0,1.12
30/01/2018,25,40,0.04,0,0,6.93
31/01/2018,19,47,0,0,0,5.82
03/02/2018,18,42,0,0,0,5.14
08/02/2018,33,50,0,0,0,3.36
09/02/2018,28,58,0,0,0,4.03
12/02/2018,42,65,0.08,0,0,9.84
22/02/2018,61,78,0,0,0,9.84
25/02/2018,60,73,0,0,0,11.18
28/02/2018,39,57,0.07,0,0,4.92
14/03/2018,31,44,0,0,0,7.61
24/03/2018,27,50,0.91,0.2,0,3.58
25/03/2018,33,54,0.3,0,0,9.84
30/03/2018,51,71,0.03,0,0,13.2
31/03/2018,40,64,0,0,0,5.82
12/04/2018,44,75,0,0,0,13.87
16/04/2018,41,64,0,0,0,14.76
23/04/2018,52,66,0.01,0,0,11.18
25/04/2018,51,68,0,0,0,3.8
28/04/2018,50,78,0,0,0,5.82
05/05/2018,63,82,0,0,0,7.83
08/05/2018,53,77,0,0,0,7.83
11/05/2018,59,89,0,0,0,4.03
20/05/2018,69,86,0,0,0,8.05
21/05/2018,68,86,0.72,0,0,4.7
27/05/2018,69,87,0,0,0,9.4
28/05/2018,69,76,0.28,0,0,6.26
29/05/2018,69,82,0.62,0,0,4.47
30/05/2018,73,85,0.49,0,0,5.59
02/06/2018,68,87,0.08,0,0,4.7
03/06/2018,69,88,0,0,0,4.92
05/06/2018,57,82,0,0,0,3.13
06/06/2018,61,85,0.23,0,0,5.14
13/06/2018,67,85,0,0,0,6.04
28/06/2018,68,90,0,0,0,4.92
02/07/2018,75,95,0,0,0,3.13
04/07/2018,72,93,0,0,0,5.37
13/07/2018,68,88,0,0,0,7.61
22/07/2018,68,89,1.11,0,0,5.59
24/07/2018,71,86,0,0,0,7.38
26/07/2018,68,92,0,0,0,4.92
04/08/2018,71,89,0,0,0,3.8
16/08/2018,68,92,0,0,0,2.91
19/08/2018,68,88,1.83,0,0,6.71
24/08/2018,55,82,0,0,0,4.7
03/09/2018,69,91,0,0,0,1.12
05/09/2018,71,91,0,0,0,4.03
06/09/2018,71,92,0,0,0,2.91
07/09/2018,71,92,0.03,0,0,2.68
08/09/2018,71,91,0,0,0,3.13
09/09/2018,67,80,0.15,0,0,5.37
11/09/2018,68,88,0,0,0,2.91
15/09/2018,73,77,1.85,0,0,15.88
19/09/2018,65,88,0,0,0,1.79
22/09/2018,67,88,0,0,0,4.47
25/09/2018,69,85,0,0,0,3.36
30/09/2018,62,81,0,0,0,4.03
09/10/2018,67,80,0.07,0,0,6.49
14/10/2018,49,65,0,0,0,3.58
22/10/2018,34,62,0,0,0,3.8
23/10/2018,42,66,0,0,0,4.7
08/11/2018,51,65,0,0,0,7.16
09/11/2018,50,53,0.07,0,0,5.37
16/11/2018,34,54,0,0,0,5.59
20/11/2018,38,64,0,0,0,5.82
22/11/2018,33,50,0,0,0,5.59
28/11/2018,25,42,0,0,0,6.71
03/12/2018,47,68,0,0,0,5.59
08/12/2018,31,43,0,0,0,4.7
11/12/2018,27,44,0,0,2,3.8
12/12/2018,24,45,0,0,1.2,1.34
13/12/2018,29,51,0,0,0,2.24
23/12/2018,28,57,0.01,0,0,5.14
29/12/2018,45,65,0,0,0,3.36
05/01/2019,44,61,0.01,0,0,9.62
12/01/2019,30,39,0.07,0,0,5.59
14/01/2019,31,41,0,0,0,3.58
21/01/2019,17,31,0,0,0,5.82
22/01/2019,17,39,0,0,0,3.8
02/02/2019,29,60,0,0,0,3.8
09/02/2019,33,46,0,0,0,6.04
17/02/2019,34,40,0.24,0,0,4.47
25/02/2019,37,59,0,0,0,7.83
26/02/2019,30,63,0,0,0,3.8
01/03/2019,39,47,0.65,0,0,7.38
03/03/2019,42,50,0.81,0,0,6.93
09/03/2019,41,48,0.01,0,0,5.82
11/03/2019,44,66,0,0,0,2.91
18/03/2019,32,60,0,0,0,4.47
24/03/2019,32,71,0,0,0,7.61
06/04/2019,53,67,0,0,0,3.8
16/04/2019,38,69,0,0,0,5.82
21/04/2019,44,64,0,0,0,3.13
06/05/2019,60,77,0,0,0,5.82
13/05/2019,57,74,1.32,0,0,3.58
15/05/2019,43,72,0,0,0,3.58
26/05/2019,72,94,0.05,0,0,5.82
30/05/2019,65,96,0,0,0,6.93
02/06/2019,62,88,0,0,0,5.59
08/06/2019,71,79,0.32,0,0,9.4
16/06/2019,66,89,0,0,0,11.41
17/06/2019,72,93,0,0,0,9.84
19/06/2019,71,88,0.02,0,0,7.61
21/06/2019,65,85,0,0,0,7.61
02/07/2019,68,95,0,0,0,3.36
05/07/2019,70,91,0.31,0,0,4.7
08/07/2019,74,92,0.17,0,0,4.7
10/07/2019,72,91,0,0,0,5.82
22/07/2019,74,97,0.06,0,0,12.08
23/07/2019,64,82,1.16,0,0,5.14
29/07/2019,66,93,0,0,0,4.92
03/08/2019,70,86,0,0,0,3.36
07/08/2019,72,91,0.14,0,0,6.49
14/08/2019,73,93,0.12,0,0,6.71
20/08/2019,71,93,0,0,0,7.61
24/08/2019,64,72,0.32,0,0,6.49
25/08/2019,63,76,0.04,0,0,6.49
02/09/2019,70,90,0,0,0,3.8
06/09/2019,69,87,0.1,0,0,7.61
09/09/2019,71,86,0,0,0,2.91
16/09/2019,69,90,0,0,0,3.8
20/09/2019,50,79,0,0,0,3.36
26/09/2019,70,94,0,0,0,6.04
16/10/2019,52,66,0.47,0,0,5.59
19/10/2019,39,67,0.03,0,0,3.13
20/10/2019,56,65,1.57,0,0,8.05
29/10/2019,55,71,0,0,0,3.58
07/11/2019,41,70,0.08,0,0,4.92
15/11/2019,39,47,0.07,0,0,6.71
18/11/2019,41,47,0.24,0,0,4.7
20/11/2019,38,61,0,0,0,2.91
22/11/2019,49,66,0,0,0,8.05
25/11/2019,32,62,0,0,0,2.24
26/11/2019,34,65,0,0,0,2.91
07/12/2019,34,52,0,0,0,6.04
15/12/2019,35,61,0,0,0,4.7
20/12/2019,25,56,0,0,0,3.36
25/12/2019,32,58,0,0,0,2.46
29/12/2019,57,73,0.09,0,0,8.72
30/12/2019,49,76,0,0,0,14.76
02/01/2020,35,58,0.1,0,0,7.16
07/01/2020,30,52,0.07,0,0,5.14
08/01/2020,29,59,0,0,0,6.04
15/01/2020,57,70,0,0,0,4.47
17/01/2020,36,47,0,0,0,6.93
21/01/2020,24,38,0,0,0,8.05
22/01/2020,24,46,0,0,0,6.26
01/02/2020,36,45,0.04,0,0,4.25
05/02/2020,60,64,0.2,0,0,8.95
06/02/2020,60,70,2.35,0,0,9.4
10/02/2020,36,64,0,0,0,8.05
12/02/2020,51,64,0,0,0,6.71
25/02/2020,48,65,0.16,0,0,7.38
12/03/2020,51,73,0,0,0,4.92
18/03/2020,46,68,0,0,0,5.82
19/03/2020,59,81,0.01,0,0,10.07
23/03/2020,44,50,0.32,0,0,5.82
24/03/2020,50,55,0.27,0,0,5.37
31/03/2020,46,62,0.23,0,0,9.62
05/04/2020,47,73,0,0,0,4.47
08/04/2020,58,83,0.43,0,0,6.71
13/04/2020,61,81,0.39,0,0,15.43
15/04/2020,40,57,0.14,0,0,7.61
22/04/2020,41,71,0,0,0,4.92
25/04/2020,55,61,0.01,0,0,8.28
07/05/2020,40,67,0,0,0,5.59
08/05/2020,44,70,0.05,0,0,11.41
10/05/2020,36,70,0,0,0,8.28
13/05/2020,42,70,0,0,0,1.57
14/05/2020,58,81,0,0,0,8.05
15/05/2020,60,83,0,0,0,10.51
16/05/2020,60,89,0,0,0,6.93
18/05/2020,64,70,0.07,0,0,8.28
22/05/2020,62,82,0.05,0,0,6.26
25/05/2020,62,76,0,0,0,5.59
01/06/2020,54,77,0,0,0,4.47
09/06/2020,73,90,0,0,0,6.04
17/06/2020,61,76,0.1,0,0,4.03
18/06/2020,59,80,0,0,0,5.14
28/06/2020,70,91,0.06,0,0,6.04
30/06/2020,70,92,0.21,0,0,3.8
01/07/2020,69,90,0,0,0,3.58
06/07/2020,68,92,0,0,0,5.37
08/07/2020,74,89,0,0,0,7.38
09/07/2020,73,90,0,0,0,7.38
11/07/2020,70,92,0.02,0,0,5.14
14/07/2020,68,95,0,0,0,2.91
16/07/2020,74,94,0,0,0,5.59
28/07/2020,73,97,1.03,0,0,5.82
03/08/2020,71,84,1.01,0,0,5.59
04/08/2020,69,88,1.64,0,0,8.28
10/08/2020,71,89,0,0,0,4.25
15/08/2020,71,87,1.38,0,0,3.8
19/08/2020,66,87,1.07,0,0,3.58
21/08/2020,71,84,0,0,0,4.25
02/09/2020,72,92,0,0,0,4.47
03/09/2020,76,93,0,0,0,8.05
04/09/2020,73,92,0,0,0,2.91
18/09/2020,64,75,0.1,0,0,9.62
26/09/2020,59,73,0,0,0,2.46
01/11/2020,48,63,0.38,0,0,6.71
02/11/2020,35,54,0,0,0,7.38
05/11/2020,40,74,0,0,0,0.89
11/11/2020,68,78,0.23,0,0,8.72
20/11/2020,31,69,0,0,0,4.03
26/11/2020,55,68,0.02,0,0,6.49
30/11/2020,46,69,1.17,0,0,13.42
06/12/2020,28,55,0,0,0,2.24
10/12/2020,31,61,0,0,0,2.91
13/12/2020,50,69,0.07,0,0,3.8
24/12/2020,49,65,1.76,0,0,10.51
09/01/2021,28,50,0,0,0,2.91
10/01/2021,25,53,0,0,0,0.67
16/01/2021,33,46,0,0,0,7.61
27/01/2021,40,53,0.33,0,0,5.37
31/01/2021,33,38,1.07,0,0,5.82
06/02/2021,27,55,0.31,0,0,2.01
11/02/2021,37,49,0.83,0,0,6.26
14/02/2021,33,37,0.41,0,0,8.05
17/02/2021,28,47,0,0,0,7.61
22/02/2021,33,59,0.41,0,0,7.16
27/02/2021,40,58,0.15,0,0,4.7
28/02/2021,48,77,0,0,0,4.03
01/03/2021,48,68,0.15,0,0,10.07
07/03/2021,29,52,0,0,0,4.03
12/03/2021,54,80,0,0,0,8.72
14/03/2021,43,72,0,0,0,4.03
18/03/2021,49,73,0.02,0,0,5.59
20/03/2021,31,57,0,0,0,10.51
23/03/2021,50,62,0,0,0,7.16
25/03/2021,52,75,0.02,0,0,5.82
28/03/2021,57,76,0.25,0,0,13.87
02/04/2021,32,49,0,0,0,5.82
09/04/2021,60,83,0.07,0,0,5.82
14/04/2021,55,82,0.13,0,0,7.16
18/04/2021,48,71,0,0,0,2.46
20/04/2021,42,75,0,0,0,7.38
26/04/2021,42,77,0,0,0,2.68
04/05/2021,64,87,0.2,0,0,9.4
08/05/2021,42,74,0,0,0,4.92
17/05/2021,56,76,0.05,0,0,3.13
20/05/2021,53,88,0,0,0,3.13
21/05/2021,57,83,0,0,0,6.71
23/05/2021,64,92,0,0,0,2.91
03/06/2021,68,79,2.04,0,0,6.26
09/06/2021,71,89,0,0,0,7.83
13/06/2021,66,85,0,0,0,4.92
05/07/2021,65,90,0,0,0,2.91
08/07/2021,71,79,2.52,0,0,8.05
20/07/2021,66,84,0,0,0,2.01
24/07/2021,68,87,0,0,0,6.71
26/07/2021,73,92,0.02,0,0,7.16
01/08/2021,75,91,0,0,0,4.03
08/08/2021,65,91,0,0,0,2.68
16/08/2021,71,90,0.39,0,0,3.58
20/08/2021,73,87,0.36,0,0,2.91
24/08/2021,72,94,0,0,0,2.46
27/08/2021,72,93,0,0,0,4.7
30/08/2021,72,96,0,0,0,4.92
31/08/2021,72,94,0,0,0,6.93
10/09/2021,57,80,0,0,0,3.13
11/09/2021,56,83,0,0,0,3.58
13/09/2021,64,90,0,0,0,4.03
15/09/2021,72,89,0,0,0,6.71
16/09/2021,70,85,0,0,0,4.03
17/09/2021,72,83,0.01,0,0,5.59
25/09/2021,49,78,0,0,0,2.01
30/09/2021,60,82,0,0,0,3.8
01/10/2021,58,82,0,0,0,2.68
03/10/2021,62,87,0,0,0,8.72
09/10/2021,63,68,4.96,0,0,6.71
11/10/2021,64,72,0,0,0,6.49
26/10/2021,47,70,0,0,0,6.93
03/11/2021,44,56,0,0,0,6.04
07/11/2021,40,60,0,0,0,7.83
30/11/2021,26,59,0,0,0,6.93
07/12/2021,41,56,0,0,0,6.49
08/12/2021,32,48,0.14,0,0,2.01
21/12/2021,30,41,0.27,0,0,4.03
25/12/2021,49,72,0,0,0,13.2
26/12/2021,47,73,0,0,0,3.13
05/01/2022,30,59,0,0,0,4.9
07/01/2022,27,52,0,0,0,8.1
15/01/2022,28,40,0,0,0,5.8
19/01/2022,28,60,0,0,0,7.8
23/01/2022,17,47,0,0,1,4
24/01/2022,27,52,0,0,0,4.3
25/01/2022,35,61,0,0,0,2.9
28/01/2022,26,48,0,0,0,2.9
29/01/2022,25,36,0.05,0.39,0,8.7
10/02/2022,33,67,0,0,0,7.4
24/02/2022,42,57,0.04,0,0,
26/02/2022,40,48,0.02,0,0,5.8
15/03/2022,39,71,0,0,0,4.7
24/03/2022,59,73,0.47,0,0,11.6
27/03/2022,34,60,0,0,0,7.6
03/04/2022,46,70,0,0,0,5.8
07/04/2022,54,80,0.05,0,0,8.5
09/04/2022,45,56,0,0,0,6.9
12/04/2022,60,83,0,0,0,8.3
15/04/2022,54,75,0.03,0,0,5.4
19/04/2022,39,59,0,0,0,
29/04/2022,45,71,0,0,0,6
03/05/2022,65,89,0,0,0,8.7
08/05/2022,47,53,0.01,0,0,9.4
12/05/2022,62,70,0.07,0,0,10.7
14/05/2022,64,80,0,0,0,2.5
16/05/2022,64,87,0.01,0,0,7.4
23/05/2022,67,85,1.29,0,0,6
25/05/2022,60,68,0,0,0,7.8
30/05/2022,66,91,0,0,0,2.9
03/01/2017,47,56,0.31,0,0,5.37
07/01/2017,20,32,0.6,0.5,0,9.62
10/01/2017,24,48,0,0,1.2,5.14
13/01/2017,50,76,0.01,0,0,7.38
15/01/2017,40,57,0.02,0,0,5.82
18/01/2017,45,70,0,0,0,6.49
21/01/2017,51,55,0.38,0,0,3.58
25/01/2017,36,73,0,0,0,7.61
28/01/2017,27,52,0,0,0,9.4
09/02/2017,32,60,0.11,0,0,10.96
18/02/2017,37,73,0,0,0,7.61
19/02/2017,44,73,0,0,0,4.7
20/02/2017,42,73,0,0,0,1.79
23/02/2017,50,77,0,0,0,3.36
28/02/2017,50,77,0,0,0,7.16
04/03/2017,25,54,0,0,0,2.46
07/03/2017,49,74,0,0,0,13.87
09/03/2017,37,75,0,0,0,6.04
10/03/2017,41,69,0,0,0,10.74
11/03/2017,31,50,0,0,0,4.47
26/03/2017,52,77,0,0,0,6.93
28/03/2017,60,80,0.06,0,0,7.61
08/04/2017,34,67,0,0,0,3.13
22/04/2017,56,87,0.09,0,0,9.4
23/04/2017,53,56,0.77,0,0,11.18
28/04/2017,69,88,0,0,0,9.17
03/05/2017,53,79,0,0,0,5.14
04/05/2017,57,80,0.29,0,0,10.74
06/05/2017,53,67,0.02,0,0,10.96
09/05/2017,43,64,0.01,0,0,1.79
17/05/2017,66,89,0,0,0,8.95
21/05/2017,60,76,0,0,0,7.61
06/06/2017,64,83,0,0,0,3.8
08/06/2017,55,73,0,0,0,7.38
09/06/2017,53,83,0,0,0,4.03
13/06/2017,67,89,0,0,0,8.05
17/06/2017,72,86,0.21,0,0,5.82
22/06/2017,71,84,0,0,0,8.05
23/06/2017,73,91,0.04,0,0,13.65
27/06/2017,59,83,0,0,0,3.8
04/07/2017,71,92,0.84,0,0,3.8
15/07/2017,75,94,0,0,0,5.82
23/07/2017,71,102,0.56,0,0,8.95
27/07/2017,72,94,0.02,0,0,7.61
08/08/2017,68,78,1.5,0,0,5.82
10/08/2017,63,88,0,0,0,4.03
16/08/2017,74,92,0,0,0,4.03
17/08/2017,75,94,0.24,0,0,4.92
22/08/2017,74,96,0,0,0,7.61
25/08/2017,68,85,0,0,0,5.14
03/09/2017,62,83,0,0,0,4.25
14/09/2017,64,83,0,0,0,6.04
15/09/2017,63,85,0,0,0,1.79
16/09/2017,62,85,0,0,0,3.8
17/09/2017,63,85,0,0,0,5.59
21/09/2017,65,88,0,0,0,1.79
23/09/2017,61,87,0,0,0,4.47
24/09/2017,63,87,0,0,0,5.59
29/09/2017,60,72,0,0,0,6.04
30/09/2017,54,77,0,0,0,7.83
04/10/2017,50,82,0,0,0,2.24
05/10/2017,54,85,0,0,0,3.13
08/10/2017,74,84,0.02,0,0,8.28
09/10/2017,74,92,0.09,0,0,11.86
10/10/2017,75,90,0,0,0,6.71
17/10/2017,42,64,0,0,0,5.14
18/10/2017,37,68,0,0,0,2.68
19/10/2017,42,76,0,0,0,1.12
03/11/2017,52,81,0,0,0,2.01
11/11/2017,28,46,0,0,0,5.14
16/11/2017,36,67,0,0,0,3.13
25/11/2017,29,67,0,0,0,4.92
28/11/2017,29,65,0,0,0,2.24
02/12/2017,45,51,0,0,0,2.91
05/12/2017,41,69,0,0,0,4.7
06/12/2017,41,57,0.24,0,0,4.7
08/12/2017,32,43,1.33,0.3,0,5.82
10/12/2017,27,43,0,0,0,5.82
17/12/2017,27,51,0,0,0,2.24
03/01/2018,9,32,0.06,0.9,0,4.25
08/01/2018,16,47,0,0,0,5.37
11/01/2018,41,64,0.11,0,0,6.71
12/01/2018,56,71,0.5,0,0,11.41
25/01/2018,26,49,0,0,0,3.13
26/01/2018,25,57,0,0,0,4.25
02/02/2018,24,57,0.16,0,0,7.83
05/02/2018,29,48,0,0,0,4.03
10/02/2018,43,65,0.08,0,0,4.47
11/02/2018,64,72,0,0,0,14.99
14/02/2018,37,58,0,0,0,6.49
18/02/2018,39,61,0.02,0,0,5.14
23/02/2018,52,70,0,0,0,4.92
24/02/2018,57,78,0,0,0,11.18
26/02/2018,40,63,0.09,0,0,4.25
27/02/2018,35,61,0,0,0,2.24
04/03/2018,35,56,0,0,0,6.93
05/03/2018,26,54,0,0,0,4.7
07/03/2018,35,54,0,0,0,6.71
08/03/2018,27,47,0,0,0,4.47
09/03/2018,25,52,0,0,0,6.04
10/03/2018,38,56,0,0,0,3.13
11/03/2018,38,49,0.21,0,0,7.83
23/03/2018,27,56,0,0,0,3.8
27/03/2018,34,49,0.01,0,0,5.37
29/03/2018,56,80,0,0,0,13.87
03/04/2018,45,75,0,0,0,7.61
06/04/2018,45,73,0,0,0,11.41
14/04/2018,59,81,0,0,0,13.87
18/04/2018,42,82,0,0,0,9.62
24/04/2018,53,65,0.85,0,0,12.3
02/05/2018,53,85,0,0,0,10.07
04/05/2018,60,85,0,0,0,12.97
06/05/2018,62,85,0.16,0,0,3.58
07/05/2018,55,74,0,0,0,7.61
17/05/2018,69,77,0.69,0,0,7.16
23/05/2018,69,87,0,0,0,6.93
01/06/2018,69,92,0,0,0,5.59
08/06/2018,65,89,0,0,0,4.47
11/06/2018,64,85,0.31,0,0,8.72
21/06/2018,72,92,0.12,0,0,3.58
25/06/2018,72,88,0.02,0,0,4.25
30/06/2018,71,94,0.02,0,0,4.92
05/07/2018,72,95,0.03,0,0,4.92
14/07/2018,65,89,0,0,0,4.03
17/07/2018,72,98,0.1,0,0,8.5
20/07/2018,69,86,0,0,0,9.4
27/07/2018,73,95,0,0,0,6.93
03/08/2018,70,77,1.12,0,0,5.82
08/08/2018,69,94,0.46,0,0,6.49
14/08/2018,65,86,0.12,0,0,2.46
15/08/2018,68,90,0,0,0,2.24
18/08/2018,73,88,0.49,0,0,9.84
22/08/2018,70,88,0.01,0,0,6.71
02/09/2018,69,90,0,0,0,2.24
04/09/2018,72,92,0.01,0,0,2.91
16/09/2018,73,76,0.9,0,0,14.99
18/09/2018,71,85,0,0,0,6.93
16/10/2018,64,75,0.01,0,0,4.92
20/10/2018,54,67,0.21,0,0,8.05
21/10/2018,37,58,0,0,0,5.59
26/10/2018,42,52,1.58,0,0,8.05
29/10/2018,39,65,0,0,0,5.14
30/10/2018,35,65,0,0,0,1.12
12/11/2018,35,48,3.17,0,0,5.14
13/11/2018,44,51,1.19,0,0,2.91
15/11/2018,36,43,0.88,0,0,10.29
18/11/2018,37,59,0,0,0,1.57
19/11/2018,43,65,0,0,0,3.36
23/11/2018,27,45,0,0,0,7.83
26/11/2018,39,63,0.01,0,0,9.84
04/12/2018,41,53,0,0,0,4.03
06/12/2018,25,46,0,0,0,3.8
18/12/2018,34,53,0,0,0,2.01
28/12/2018,50,68,1.61,0,0,9.84
02/01/2019,47,54,0.01,0,0,5.14
04/01/2019,46,60,0.54,0,0,7.16
09/01/2019,37,57,0,0,0,9.4
20/01/2019,26,59,0.61,0,0,12.3
26/01/2019,22,51,0,0,0,2.46
27/01/2019,26,53,0,0,0,2.91
30/01/2019,21,44,0,0,0,8.28
01/02/2019,27,58,0,0,0,5.37
05/02/2019,38,76,0,0,0,1.57
07/02/2019,60,79,0,0,0,12.75
12/02/2019,41,48,0.17,0,0,5.37
13/02/2019,39,57,0,0,0,10.07
14/02/2019,29,64,0,0,0,4.7
15/02/2019,49,67,0,0,0,10.51
20/02/2019,32,37,0.39,0,0,7.61
06/03/2019,27,42,0,0,0,5.59
15/03/2019,58,74,0.31,0,0,13.42
23/03/2019,35,62,0,0,0,6.04
29/03/2019,45,74,0,0,0,8.28
01/04/2019,34,53,0,0,0,5.82
04/04/2019,48,75,0,0,0,5.14
05/04/2019,54,60,0.54,0,0,6.93
07/04/2019,52,71,0,0,0,5.14
18/04/2019,61,80,0,0,0,11.41
19/04/2019,64,73,1.31,0,0,14.54
24/04/2019,58,84,0,0,0,4.92
25/04/2019,59,82,0,0,0,5.14
26/04/2019,51,77,0.21,0,0,12.97
28/04/2019,56,82,0,0,0,9.4
02/05/2019,63,85,0,0,0,9.17
23/05/2019,64,84,0,0,0,8.05
24/05/2019,68,93,0,0,0,5.82
25/05/2019,71,92,0,0,0,6.71
31/05/2019,64,91,0.67,0,0,2.46
01/06/2019,61,84,0,0,0,2.91
05/06/2019,68,88,0.29,0,0,10.51
07/06/2019,71,78,0.53,0,0,4.7
20/06/2019,69,93,0.3,0,0,10.74
23/06/2019,67,81,0,0,0,4.03
24/06/2019,64,95,0,0,0,7.38
01/07/2019,72,90,0,0,0,5.14
04/07/2019,72,96,1,0,0,3.58
09/07/2019,73,85,0,0,0,6.26
26/07/2019,65,87,0,0,0,3.8
27/07/2019,63,88,0,0,0,1.12
28/07/2019,63,90,0,0,0,2.68
01/08/2019,67,91,0.87,0,0,4.47
04/08/2019,68,89,0.16,0,0,1.79
06/08/2019,65,90,0.16,0,0,4.92
08/08/2019,68,91,0.12,0,0,3.36
09/08/2019,67,93,0,0,0,3.13
11/08/2019,69,88,0,0,0,6.49
12/08/2019,68,90,0,0,0,4.47
21/08/2019,71,91,0.12,0,0,11.18
23/08/2019,71,92,0.28,0,0,6.93
27/08/2019,65,81,0.01,0,0,3.36
29/08/2019,61,86,0,0,0,2.91
04/09/2019,70,88,0,0,0,3.58
14/09/2019,69,83,0,0,0,3.8
19/09/2019,54,75,0,0,0,6.93
23/09/2019,62,91,0,0,0,7.61
29/09/2019,69,95,0,0,0,5.37
01/10/2019,67,89,0,0,0,3.58
02/10/2019,69,96,0,0,0,4.92
04/10/2019,68,94,0,0,0,8.5
08/10/2019,59,71,0.01,0,0,8.5
09/10/2019,56,72,0,0,0,6.49
11/10/2019,50,80,0,0,0,2.91
13/10/2019,59,75,0.39,0,0,2.91
14/10/2019,50,78,0,0,0,3.36
15/10/2019,46,77,0,0,0,2.24
28/10/2019,53,75,0,0,0,5.37
31/10/2019,55,85,0.23,0,0,14.09
01/11/2019,39,59,0,0,0,4.47
03/11/2019,36,60,0,0,0,2.24
06/11/2019,48,65,0,0,0,5.82
11/11/2019,41,70,0,0,0,8.5
14/11/2019,24,48,0.26,0,0,2.24
17/11/2019,40,53,0,0,0,10.96
19/11/2019,41,56,0,0,0,2.01
24/11/2019,38,61,0.31,0,0,7.61
27/11/2019,49,64,0.2,0,0,8.28
01/12/2019,46,66,0.46,0,0,7.16
08/12/2019,26,52,0.11,0,0,3.58
14/12/2019,43,55,0.09,0,0,6.71
24/12/2019,42,65,0,0,0,6.71
06/01/2020,30,60,0,0,0,3.13
10/01/2020,41,65,0,0,0,4.47
14/01/2020,59,69,0.34,0,0,5.37
18/01/2020,36,49,0.14,0,0,6.49
07/02/2020,35,61,0.26,0,0,15.88
14/02/2020,34,52,0,0,0,6.26
15/02/2020,26,45,0,0,0,5.59
18/02/2020,38,61,0.07,0,0,4.92
19/02/2020,37,57,0.16,0,0,5.59
23/02/2020,30,63,0,0,0,5.59
02/03/2020,41,69,0,0,0,12.75
03/03/2020,53,63,0.21,0,0,10.74
05/03/2020,45,56,0.05,0,0,4.92
10/03/2020,57,70,0.01,0,0,12.08
11/03/2020,54,76,0,0,0,4.7
15/03/2020,48,60,0,0,0,9.62
20/03/2020,66,86,0,0,0,13.87
29/03/2020,69,88,0,0,0,12.97
04/04/2020,39,71,0,0,0,3.8
12/04/2020,47,76,0.01,0,0,10.96
16/04/2020,34,67,0,0,0,3.8
21/04/2020,48,77,0,0,0,9.62
28/04/2020,42,77,0,0,0,4.92
01/05/2020,53,66,0.02,0,0,7.16
02/05/2020,43,75,0,0,0,3.8
04/05/2020,57,80,0,0,0,6.04
19/05/2020,54,64,0.79,0,0,12.53
29/05/2020,69,81,0.78,0,0,6.71
08/06/2020,71,88,0,0,0,5.82
11/06/2020,71,88,0.11,0,0,9.62
20/06/2020,64,84,0,0,0,3.13
23/06/2020,72,89,0,0,0,12.08
25/06/2020,71,86,0,0,0,7.16
05/07/2020,70,92,0.4,0,0,4.25
07/07/2020,71,87,0,0,0,5.14
18/07/2020,72,94,0,0,0,4.47
20/07/2020,76,97,0,0,0,7.61
21/07/2020,74,97,0,0,0,9.17
26/07/2020,73,95,0,0,0,7.61
31/07/2020,77,92,0,0,0,8.95
02/08/2020,75,94,0,0,0,11.41
09/08/2020,70,92,0.02,0,0,3.36
11/08/2020,71,90,0,0,0,4.7
18/08/2020,65,87,0,0,0,1.79
25/08/2020,73,91,0,0,0,7.61
28/08/2020,76,92,0,0,0,9.62
30/08/2020,69,88,0,0,0,2.68
31/08/2020,74,90,2.3,0,0,8.28
07/09/2020,57,83,0,0,0,2.91
16/09/2020,56,79,0,0,0,6.71
17/09/2020,68,73,2.08,0,0,8.28
21/09/2020,48,68,0,0,0,7.16
27/09/2020,58,79,0,0,0,2.01
01/10/2020,53,81,0,0,0,3.8
02/10/2020,49,71,0,0,0,5.37
05/10/2020,47,74,0,0,0,2.91
06/10/2020,48,78,0,0,0,2.46
11/10/2020,64,68,0.79,0,0,8.28
12/10/2020,64,73,0,0,0,2.91
14/10/2020,51,76,0,0,0,2.24
16/10/2020,55,70,0.79,0,0,7.83
18/10/2020,40,70,0,0,0,2.24
22/10/2020,59,81,0,0,0,2.68
26/10/2020,50,73,0.02,0,0,2.68
27/10/2020,53,77,0,0,0,2.01
29/10/2020,68,82,0.01,0,0,17
06/11/2020,50,75,0,0,0,2.01
07/11/2020,54,77,0,0,0,2.01
13/11/2020,51,67,0,0,0,3.58
21/11/2020,41,73,0,0,0,0.89
24/11/2020,32,55,0,0,0,1.34
01/12/2020,32,47,0,0,0,8.95
04/12/2020,39,65,0.31,0,0,8.95
05/12/2020,37,57,0.08,0,0,7.61
07/12/2020,35,44,0.35,0,0,4.92
14/12/2020,37,59,1.12,0,0,5.82
16/12/2020,35,39,0.94,0,0,7.38
17/12/2020,35,52,0,0,0,3.8
18/12/2020,29,48,0,0,0,2.91
19/12/2020,26,49,0,0,0,2.91
26/12/2020,20,41,0,0,0,4.92
03/01/2021,44,55,0.93,0,0,3.13
11/01/2021,27,48,0.05,0,0,1.57
14/01/2021,37,55,0,0,0,4.7
18/01/2021,30,50,0,0,0,5.37
21/01/2021,31,54,0.01,0,0,3.58
22/01/2021,36,60,0,0,0,3.58
28/01/2021,29,40,0.36,1.6,2,8.72
29/01/2021,25,39,0,0,0,4.03
09/02/2021,38,65,0,0,0,2.01
10/02/2021,40,50,0,0,0,6.71
16/02/2021,34,60,0.01,0,0,9.4
24/02/2021,34,72,0,0,0,7.38
03/03/2021,34,63,0,0,0,1.34
11/03/2021,47,76,0,0,0,11.41
13/03/2021,53,69,0,0,0,2.46
19/03/2021,37,57,0.1,0,0,11.18
01/04/2021,37,61,0,0,0,8.95
05/04/2021,42,76,0,0,0,2.91
08/04/2021,53,83,0,0,0,5.37
11/04/2021,59,79,0.2,0,0,9.84
15/04/2021,52,69,0,0,0,5.14
24/04/2021,44,61,0.27,0,0,6.26
27/04/2021,51,84,0,0,0,10.96
28/04/2021,61,85,0,0,0,11.41
06/05/2021,49,68,0,0,0,4.25
09/05/2021,49,83,0,0,0,13.87
19/05/2021,51,84,0,0,0,2.01
22/05/2021,52,89,0,0,0,3.13
26/05/2021,70,94,0,0,0,6.04
28/05/2021,68,92,0.02,0,0,9.17
01/06/2021,53,83,0,0,0,3.8
02/06/2021,60,81,1.82,0,0,5.14
05/06/2021,67,89,0,0,0,2.68
10/06/2021,71,86,1,0,0,5.82
11/06/2021,72,89,0.11,0,0,6.49
20/06/2021,71,82,1.45,0,0,6.49
22/06/2021,64,79,1.03,0,0,8.5
01/07/2021,72,91,0.18,0,0,13.65
02/07/2021,66,79,1.08,0,0,5.59
07/07/2021,70,91,0,0,0,8.72
11/07/2021,73,91,0,0,0,6.71
17/07/2021,73,92,0,0,0,9.62
31/07/2021,73,91,0,0,0,5.82
05/08/2021,62,86,0,0,0,4.47
07/08/2021,67,78,0.32,0,0,2.24
21/08/2021,72,88,0,0,0,2.91
22/08/2021,70,92,0.35,0,0,2.68
06/09/2021,66,84,0,0,0,5.14
21/09/2021,67,80,0.31,0,0,7.61
24/09/2021,51,76,0,0,0,3.36
27/09/2021,51,84,0,0,0,3.58
02/10/2021,58,85,0,0,0,5.59
06/10/2021,67,83,0,0,0,6.26
08/10/2021,67,75,0.02,0,0,6.26
19/10/2021,42,75,0,0,0,2.24
21/10/2021,48,79,0,0,0,8.28
30/10/2021,49,61,0,0,0,7.16
08/11/2021,34,71,0,0,0,2.68
09/11/2021,38,77,0,0,0,2.91
14/11/2021,29,58,0,0,0,3.13
16/11/2021,30,67,0,0,0,3.36
18/11/2021,52,76,0,0,,9.84
20/11/2021,26,54,0,0,0,2.68
25/11/2021,29,63,0,0,0,6.49
27/11/2021,28,54,0,0,0,3.58
03/12/2021,44,74,0,0,0,3.8
05/12/2021,42,62,0,0,0,5.37
09/12/2021,27,45,0,0,0,3.36
16/12/2021,36,69,0,0,0,5.82
19/12/2021,34,65,0.67,0,0,7.83
24/12/2021,35,63,0,0,0,11.63
27/12/2021,45,66,0,0,0,3.13
29/12/2021,61,73,0.02,0,0,11.86
01/01/2022,64,79,0.43,0,0,14.3
09/01/2022,37,66,0.62,0,0,9.2
21/01/2022,22,30,0.15,1.5,2,10.7
22/01/2022,19,35,0.06,0.79,2,3.8
27/01/2022,20,43,0,0,0,2.7
09/02/2022,28,60,0,0,0,3.6
19/02/2022,28,60,0,0,0,5.6
21/02/2022,32,71,0,0,0,3.6
28/02/2022,32,60,0,0,0,4.5
01/03/2022,32,68,0,0,0,4
03/03/2022,46,84,0,0,0,7.4
07/03/2022,63,82,0.11,0,0,18.3
11/03/2022,45,61,0.06,0,0,3.4
19/03/2022,61,79,0,0,0,16.1
17/03/2022,55,70,0.55,0,0,5.1
26/03/2022,44,62,0,0,0,8.1
30/03/2022,40,75,0,0,0,8.1
04/04/2022,38,68,0,0,0,6.3
05/04/2022,52,76,0.36,0,0,8.5
18/04/2022,41,56,1.39,0,0,
21/04/2022,43,75,0,0,0,4.9
22/04/2022,53,83,0,0,0,4.5
26/04/2022,60,88,0.06,0,0,8.7
27/04/2022,50,72,0,0,0,5.4
07/05/2022,53,75,0.02,0,0,8.7
21/05/2022,69,93,0.29,0,0,7.6
22/05/2022,69,90,0,0,0,8.9
09/01/2017,9,31,0,0,1.2,2.46
11/01/2017,40,57,0,0,0,6.04
19/01/2017,36,63,0,0,0,1.34
20/01/2017,46,59,0.09,0,0,2.91
24/01/2017,41,63,0,0,0,6.04
26/01/2017,43,70,0.06,0,0,13.42
30/01/2017,30,46,0,0,0,6.26
06/02/2017,31,68,0,0,0,4.7
10/02/2017,26,51,0,0,0,6.71
12/02/2017,58,83,0.05,0,0,11.41
16/02/2017,32,53,0,0,0,6.71
06/03/2017,34,65,0,0,0,6.71
13/03/2017,26,42,0.56,0,0,8.28
15/03/2017,24,40,0,0,0,10.51
17/03/2017,23,58,0.03,0,0,4.92
22/03/2017,39,64,0,0,0,8.28
23/03/2017,31,56,0,0,0,7.38
01/04/2017,49,75,0,0,0,6.04
02/04/2017,49,69,0,0,0,6.04
15/04/2017,61,85,0,0,0,9.62
16/04/2017,60,82,0,0,0,12.75
17/04/2017,62,86,0.05,0,0,9.84
20/04/2017,56,85,0,0,0,5.82
21/04/2017,63,89,0.21,0,0,6.93
01/05/2017,68,85,0.29,0,0,15.66
11/05/2017,61,84,0.48,0,0,4.92
12/05/2017,54,61,0.07,0,0,7.61
18/05/2017,66,86,0,0,0,10.96
26/05/2017,59,81,0,0,0,7.83
30/05/2017,68,82,0.06,0,0,4.03
03/06/2017,57,88,0,0,0,3.36
05/06/2017,67,85,1.54,0,0,6.04
11/06/2017,67,90,0,0,0,6.26
16/06/2017,70,89,2.3,0,0,4.03
18/06/2017,74,91,0.17,0,0,8.72
25/06/2017,67,84,0,0,0,3.58
28/06/2017,57,83,0,0,0,4.25
13/07/2017,78,97,0,0,0,8.5
14/07/2017,77,97,0,0,0,9.4
18/07/2017,71,89,0,0,0,5.14
28/07/2017,75,94,0.21,0,0,7.61
30/07/2017,63,85,0,0,0,6.26
18/08/2017,75,98,0.01,0,0,7.38
19/08/2017,73,92,0.05,0,0,2.91
20/08/2017,71,95,0,0,0,3.58
30/08/2017,59,84,0,0,0,1.79
01/09/2017,64,78,1.06,0,0,7.83
05/09/2017,64,90,0.06,0,0,8.05
06/09/2017,61,82,0.52,0,0,4.92
11/09/2017,58,67,0.01,0,0,12.75
28/09/2017,63,94,0,0,0,3.13
02/10/2017,47,76,0,0,0,4.92
06/10/2017,55,86,0,0,0,2.91
11/10/2017,73,89,1.12,0,0,8.05
12/10/2017,65,77,0,0,0,8.28
13/10/2017,63,71,0,0,0,7.38
14/10/2017,62,78,0,0,0,3.13
26/10/2017,40,63,0,0,0,3.8
29/10/2017,41,68,0.78,0,0,7.61
05/11/2017,51,70,0,0,0,2.46
18/11/2017,33,67,0,0,0,11.41
19/11/2017,34,64,0.08,0,0,9.17
20/11/2017,28,57,0,0,0,2.01
04/12/2017,33,61,0,0,0,2.46
14/12/2017,30,57,0,0,0,7.38
01/01/2018,13,28,0,0,0,6.49
07/01/2018,4,30,0,0,0,2.68
14/01/2018,21,33,0,0,0,8.72
19/01/2018,19,49,0,0,3.9,3.58
20/01/2018,26,56,0,0,1.2,5.59
23/01/2018,47,70,0.83,0,0,15.66
24/01/2018,34,54,0,0,0,4.03
27/01/2018,31,67,0,0,0,6.26
28/01/2018,52,60,1.3,0,0,5.14
07/02/2018,44,65,0.21,0,0,8.5
17/02/2018,40,56,0.06,0,0,6.93
02/03/2018,41,55,0,0,0,14.99
03/03/2018,35,57,0,0,0,8.72
12/03/2018,32,38,0.92,1.4,0,7.16
20/03/2018,36,57,1.05,0,0,8.72
01/04/2018,41,75,0,0,0,7.61
04/04/2018,48,77,0,0,0,13.87
10/04/2018,39,62,0,0,0,5.37
11/04/2018,38,62,0,0,0,5.37
13/04/2018,52,80,0,0,0,14.32
15/04/2018,61,82,3.31,0,0,12.53
21/04/2018,37,68,0,0,0,4.47
26/04/2018,48,75,0.18,0,0,3.36
27/04/2018,54,73,0.01,0,0,4.92
01/05/2018,45,83,0,0,0,4.47
13/05/2018,66,93,0,0,0,6.04
14/05/2018,68,93,0,0,0,8.05
18/05/2018,71,82,0.23,0,0,8.28
25/05/2018,65,86,0,0,0,5.82
26/05/2018,68,87,0.33,0,0,8.5
07/06/2018,62,85,0,0,0,4.92
12/06/2018,63,70,0.01,0,0,6.26
16/06/2018,65,90,0,0,0,4.47
18/06/2018,74,94,0,0,0,4.92
20/06/2018,73,94,0,0,0,4.47
24/06/2018,73,96,0.07,0,0,7.61
26/06/2018,66,74,0.74,0,0,6.93
06/07/2018,71,93,0.34,0,0,3.8
08/07/2018,62,82,0,0,0,8.05
10/07/2018,59,91,0,0,0,2.46
16/07/2018,74,95,0,0,0,8.05
18/07/2018,72,89,0,0,0,6.71
19/07/2018,63,90,0,0,0,7.16
21/07/2018,69,88,0.01,0,0,6.71
23/07/2018,70,88,0.02,0,0,6.26
25/07/2018,69,82,0.27,0,0,3.8
01/08/2018,73,90,0.02,0,0,9.17
07/08/2018,71,93,0.2,0,0,6.71
09/08/2018,69,90,0,0,0,4.7
10/08/2018,69,91,0,0,0,2.01
13/08/2018,67,85,0.08,0,0,3.58
20/08/2018,68,87,0.86,0,0,4.47
27/08/2018,69,93,0,0,0,4.03
31/08/2018,69,92,0.27,0,0,3.8
10/09/2018,67,88,0.26,0,0,4.47
28/09/2018,65,79,0.02,0,0,4.92
01/10/2018,60,82,0,0,0,2.01
03/10/2018,64,86,0,0,0,2.68
04/10/2018,66,89,0,0,0,2.68
07/10/2018,66,87,0,0,0,2.91
08/10/2018,69,85,0,0,0,6.26
11/10/2018,63,79,2.6,0,0,11.63
13/10/2018,48,70,0,0,0,3.36
15/10/2018,59,80,0,0,0,5.59
17/10/2018,53,71,0,0,0,3.58
18/10/2018,43,62,0,0,0,4.47
25/10/2018,36,55,0,0,0,1.34
05/11/2018,54,62,0.82,0,0,3.8
06/11/2018,57,74,0.03,0,0,7.38
10/11/2018,34,52,0,0,0,6.26
24/11/2018,36,45,0.72,0,0,5.14
29/11/2018,25,51,0,0,0,3.13
02/12/2018,58,71,0,0,0,10.96
10/12/2018,30,34,0.73,1.9,1.2,7.61
17/12/2018,36,61,0,0,0,5.82
20/12/2018,45,66,0.68,0,0,8.72
22/12/2018,34,53,0,0,0,6.71
30/12/2018,45,59,0.01,0,0,2.91
07/01/2019,40,51,0,0,0,6.93
25/01/2019,27,47,0,0,0,3.58
04/02/2019,37,68,0,0,0,2.68
10/02/2019,27,43,0,0,0,3.8
16/02/2019,34,58,0.45,0,0,8.05
18/02/2019,38,63,0.42,0,0,6.71
19/02/2019,33,45,0.25,0,0,5.37
21/02/2019,35,59,0.14,0,0,4.25
24/02/2019,41,65,0.05,0,0,8.72
02/03/2019,37,59,0,0,0,4.25
16/03/2019,40,59,0,0,0,4.92
19/03/2019,33,55,0,0,0,6.26
21/03/2019,44,59,0.58,0,0,6.26
26/03/2019,39,56,0.06,0,0,10.07
02/04/2019,31,40,0.35,0,0,5.82
13/04/2019,64,70,0.93,0,0,5.59
14/04/2019,66,79,0.28,0,0,11.86
17/04/2019,48,80,0,0,0,6.71
20/04/2019,49,66,0.02,0,0,12.53
01/05/2019,63,84,0,0,0,8.05
05/05/2019,63,77,0.36,0,0,6.71
07/05/2019,58,79,0,0,0,4.47
09/05/2019,63,83,0,0,0,8.05
12/05/2019,65,76,0,0,0,11.63
27/05/2019,68,89,0,0,0,3.13
04/06/2019,57,84,0,0,0,6.93
09/06/2019,70,80,0.09,0,0,6.93
10/06/2019,72,87,0.14,0,0,6.49
22/06/2019,63,84,0.01,0,0,4.03
25/06/2019,70,90,0,0,0,5.14
12/07/2019,73,92,0.08,0,0,8.05
13/07/2019,73,95,0,0,0,4.92
16/07/2019,71,96,0,0,0,3.36
18/07/2019,74,96,0.02,0,0,7.61
05/08/2019,68,85,0.22,0,0,2.68
15/08/2019,72,90,0,0,0,3.8
30/08/2019,57,90,0,0,0,3.13
31/08/2019,62,89,0,0,0,2.91
03/09/2019,68,91,0,0,0,3.13
05/09/2019,70,79,0.93,0,0,11.86
08/09/2019,66,89,0,0,0,4.03
21/09/2019,55,88,0,0,0,5.14
24/09/2019,64,89,0,0,0,3.8
25/09/2019,63,87,0,0,0,6.04
28/09/2019,71,94,0,0,0,7.61
05/10/2019,58,68,0,0,0,8.72
06/10/2019,57,82,0,0,0,4.47
21/10/2019,50,74,0,0,0,4.47
23/10/2019,44,69,0,0,0,2.24
25/10/2019,52,75,0,0,0,1.12
26/10/2019,53,79,0,0,0,6.04
02/11/2019,36,62,0,0,0,1.12
04/11/2019,33,64,0,0,0,2.24
08/11/2019,33,58,0.1,0,0,7.61
09/11/2019,27,52,0,0,0,2.68
10/11/2019,29,65,0,0,0,5.82
12/11/2019,29,56,0.94,0,0,6.71
21/11/2019,31,59,0,0,0,3.58
28/11/2019,41,59,0,0,0,7.16
29/11/2019,33,56,0,0,0,1.12
02/12/2019,38,50,0,0,0,7.83
03/12/2019,35,51,0,0,0,5.14
04/12/2019,33,57,0,0,0,4.7
21/12/2019,30,49,0,0,0,2.01
03/01/2020,46,58,1.53,0,0,3.58
05/01/2020,37,51,0,0,0,7.61
16/01/2020,46,64,0,0,0,7.83
19/01/2020,32,56,0.01,0,0,9.17
23/01/2020,25,49,0,0,0,4.7
27/01/2020,31,54,0.12,0,0,2.68
28/01/2020,34,53,0,0,0,2.24
31/01/2020,28,47,0.6,0,0,4.47
09/02/2020,31,54,0,0,0,4.7
13/02/2020,50,69,0.57,0,0,11.41
16/02/2020,31,55,0.05,0,0,3.58
24/02/2020,46,54,0.18,0,0,6.93
27/02/2020,36,50,0,0,0,9.4
04/03/2020,47,60,0,0,0,5.82
07/03/2020,34,54,0,0,0,5.82
13/03/2020,63,75,0.07,0,0,8.95
16/03/2020,42,59,0,0,0,4.47
21/03/2020,50,73,0.07,0,0,6.26
28/03/2020,62,89,0,0,0,7.16
01/04/2020,44,59,0,0,0,6.04
02/04/2020,41,66,0,0,0,5.37
03/04/2020,41,72,0,0,0,5.14
07/04/2020,51,84,0,0,0,6.04
11/04/2020,32,67,0,0,0,4.47
17/04/2020,35,73,0,0,0,10.51
26/04/2020,51,74,0.26,0,0,7.16
27/04/2020,44,69,0,0,0,6.26
30/04/2020,55,69,1.67,0,0,8.72
06/05/2020,49,72,0,0,0,6.93
09/05/2020,39,63,0,0,0,5.14
11/05/2020,46,67,0,0,0,8.5
12/05/2020,38,65,0,0,0,3.8
26/05/2020,66,79,0,0,0,6.93
31/05/2020,57,77,0,0,0,6.71
02/06/2020,55,85,0,0,0,11.18
04/06/2020,71,92,0,0,0,10.29
07/06/2020,69,88,0,0,0,5.37
13/06/2020,63,83,0,0,0,7.16
15/06/2020,58,65,0.77,0,0,9.84
16/06/2020,59,62,0.52,0,0,11.18
26/06/2020,63,89,0,0,0,2.91
03/07/2020,66,94,0,0,0,2.24
04/07/2020,68,94,0.07,0,0,3.36
10/07/2020,71,95,0.25,0,0,4.7
13/07/2020,68,92,0.08,0,0,4.47
22/07/2020,73,96,0,0,0,8.95
30/07/2020,72,89,0,0,0,7.16
06/08/2020,72,87,0.06,0,0,2.91
07/08/2020,72,89,0.01,0,0,4.7
08/08/2020,71,90,0,0,0,3.8
12/08/2020,72,91,0,0,0,4.7
14/08/2020,72,89,0.63,0,0,3.58
16/08/2020,67,79,0.02,0,0,4.25
17/08/2020,64,86,0.11,0,0,2.46
20/08/2020,68,85,0,0,0,5.37
24/08/2020,74,86,0,0,0,7.38
26/08/2020,71,89,0,0,0,3.58
05/09/2020,61,81,0,0,0,6.26
08/09/2020,62,84,0.03,0,0,5.59
10/09/2020,74,88,0,0,0,3.13
15/09/2020,59,75,0,0,0,8.72
29/09/2020,59,85,0.68,0,0,7.61
04/10/2020,48,68,0,0,0,3.8
08/10/2020,58,83,0,0,0,2.46
09/10/2020,56,72,0,0,0,5.14
17/10/2020,46,64,0,0,0,4.92
28/10/2020,57,72,0.05,0,0,4.03
31/10/2020,44,60,0,0,0,5.82
04/11/2020,37,70,0,0,0,1.34
23/11/2020,40,63,0.01,0,0,4.92
27/11/2020,49,67,0,0,0,2.46
29/11/2020,36,63,0.54,0,0,3.58
21/12/2020,42,55,0,0,0,6.93
25/12/2020,26,57,0.05,0,0,10.51
27/12/2020,24,51,0,0,0,2.24
29/12/2020,32,51,0,0,0,5.14
30/12/2020,26,46,0.06,0,0,1.79
01/01/2021,41,55,0.65,0,0,7.83
02/01/2021,42,57,0.6,0,0,3.13
07/01/2021,27,49,0,0,0,2.91
08/01/2021,35,40,0.35,0,0,5.59
12/01/2021,34,56,0.09,0,0,1.79
19/01/2021,27,57,0,0,0,6.04
23/01/2021,25,48,0,0,0,4.03
25/01/2021,39,46,0.37,0,0,3.8
02/02/2021,33,45,0,0,0,9.4
04/02/2021,23,53,0,0,0,5.14
15/02/2021,35,43,0.63,0,0,6.26
19/02/2021,32,44,0.42,0,0,4.7
05/03/2021,34,52,0,0,0,4.7
06/03/2021,33,55,0,0,0,2.68
09/03/2021,33,72,0,0,0,3.36
16/03/2021,35,45,0.37,0,0,4.92
27/03/2021,55,77,0.91,0,0,4.25
30/03/2021,40,74,0,0,0,7.38
13/04/2021,49,76,0,0,0,4.03
17/04/2021,43,65,0,0,0,0.89
22/04/2021,32,61,0,0,0,5.82
03/05/2021,66,79,0.2,0,0,11.86
07/05/2021,43,64,0.33,0,0,2.91
25/05/2021,65,85,0,0,0,4.7
31/05/2021,51,75,0,0,0,1.34
04/06/2021,71,85,0.02,0,0,5.82
07/06/2021,72,89,0,0,0,8.28
12/06/2021,70,80,0.03,0,0,7.38
17/06/2021,58,82,0,0,0,3.58
18/06/2021,56,88,0,0,0,5.37
19/06/2021,71,92,0,0,0,11.63
21/06/2021,72,91,0,0,0,9.4
23/06/2021,59,79,0,0,0,5.59
24/06/2021,57,79,0,0,0,6.93
26/06/2021,70,86,0.03,0,0,4.7
29/06/2021,71,91,0,0,0,5.59
04/07/2021,60,84,0,0,0,2.24
13/07/2021,73,90,0,0,0,9.4
21/07/2021,71,89,0,0,0,4.25
22/07/2021,70,86,0,0,0,4.92
23/07/2021,66,87,0,0,0,4.25
03/08/2021,66,75,0.11,0,0,7.16
19/08/2021,73,94,0.44,0,0,3.8
23/08/2021,68,92,0,0,0,2.01
25/08/2021,72,95,0,0,0,2.24
28/08/2021,73,95,0,0,0,4.92
03/09/2021,54,83,0,0,0,3.13
08/09/2021,72,93,0,0,0,7.61
09/09/2021,63,75,1.6,0,0,5.14
12/09/2021,62,87,0,0,0,6.26
19/09/2021,66,90,0,0,0,4.47
20/09/2021,70,84,0,0,0,8.28
22/09/2021,63,80,0.73,0,0,8.95
28/09/2021,59,87,0,0,0,4.7
05/10/2021,66,88,0,0,0,3.36
10/10/2021,64,76,0,0,0,8.05
15/10/2021,59,85,0,0,0,2.91
20/10/2021,45,79,0,0,0,2.01
29/10/2021,55,71,0.58,0,0,9.62
01/11/2021,43,70,0,0,0,2.01
05/11/2021,34,53,0,0,0,6.26
15/11/2021,33,54,0,0,0,4.47
21/11/2021,34,64,0,0,0,1.12
23/11/2021,27,47,0,0,0,3.58
28/11/2021,35,62,0,0,0,4.7
17/12/2021,54,73,0,0,0,6.93
20/12/2021,29,44,0,0,0,4.47
23/12/2021,27,51,0,0,0,2.91
02/01/2022,59,70,0.81,0,0,11.4
03/01/2022,31,60,2.29,0,0,10.3
06/01/2022,37,59,0,0,0,4.7
11/01/2022,27,41,0,0,0,3.4
12/01/2022,25,53,0,0,0,6.3
13/01/2022,27,53,0,0,0,1.6
14/01/2022,37,56,0,0,0,3.6
16/01/2022,25,38,1.22,0,0,12.3
18/01/2022,25,49,0,0,0,3.4
20/01/2022,30,50,0.34,0,0,8.3
30/01/2022,15,44,0,0,0,4.3
31/01/2022,22,53,0,0,0,2.7
01/02/2022,28,52,0,0,0,4.3
06/02/2022,23,44,0,0,0,6.5
14/02/2022,27,50,0,0,0,3.4
25/02/2022,42,69,0.01,0,0,5.4
27/02/2022,36,46,0.19,0,0,3.1
04/03/2022,41,60,0,0,0,6.9
06/03/2022,62,81,0,0,0,14.3
14/03/2022,32,67,0,0,0,3.8
16/03/2022,48,72,0.65,0,0,4.7
18/03/2022,48,77,0,0,0,7.2
28/03/2022,29,61,0,0,0,7.6
08/04/2022,49,68,0.16,0,0,7.4
10/04/2022,39,64,0,0,0,7.8
25/04/2022,59,85,0,0,0,8.5
30/04/2022,55,72,0,0,0,3.6
11/05/2022,53,77,0,0,0,11.2
19/05/2022,70,92,0.01,0,0,9.4
26/05/2022,61,82,0.01,0,0,5.8
28/05/2022,61,82,0.62,0,0,2.5
29/05/2022,59,88,0,0,0,2.7
